[MAPDATA_TEXT_OUTPUT]
MAPDATA_EXIST=1
TILESET_ID=0
MAP_WIDTH=40
MAP_HEIGHT=30
MAPLAYER=3
[--MAP_START--]
[MAPLAYER_1_START]
104443,104422,104422,104422,104422,104422,104422,104434,104444,104444,104141,0,0,201402,204434,204444,204443,204120,0,0,0,0,0,0,0,0,0,0,0,0,0,0,0,0,0,0,0,0,0,0,
104120,0,0,0,0,0,0,101402,104433,104422,104120,0,0,0,201414,204444,204141,0,0,0,0,0,0,0,0,0,0,0,0,0,0,0,0,0,0,0,0,0,0,0,
0,0,0,0,0,0,0,0,101111,0,0,0,0,0,201414,204444,204141,0,0,0,0,0,0,0,0,0,0,0,0,0,0,0,0,0,0,0,0,0,0,0,
0,0,0,1071,1071,1071,0,0,101111,0,0,0,0,0,201414,204444,204141,0,0,0,0,0,0,0,0,0,0,0,0,0,0,0,0,0,0,0,0,0,0,0,
0,0,0,1071,1071,1071,0,0,101111,0,0,0,0,0,201414,204444,204141,0,0,0,0,0,0,0,0,0,0,0,0,0,0,0,0,0,0,0,0,0,0,0,
0,0,0,0,0,0,0,0,101111,0,0,0,0,0,201414,204444,204141,0,0,0,0,0,0,0,0,0,0,0,0,0,0,0,0,0,0,0,0,0,0,0,
0,0,0,0,0,0,0,0,101100,0,0,0,0,0,201414,204444,204141,0,0,0,0,0,0,0,0,0,0,0,0,248,248,248,248,248,248,248,0,0,0,0,
0,0,0,0,0,0,0,0,0,0,0,0,0,0,201414,204444,204141,0,0,0,0,0,0,0,0,0,0,0,0,248,248,248,248,248,248,248,0,0,0,0,
0,0,0,0,0,0,0,0,0,0,0,0,0,0,201414,204444,204141,0,0,0,0,0,0,0,0,0,0,0,0,248,248,248,248,248,248,248,0,0,0,0,
0,0,0,0,0,0,0,0,0,0,0,0,0,0,201414,204444,204141,0,0,0,0,0,0,0,0,0,0,0,0,248,248,248,248,248,248,248,0,0,0,0,
0,0,0,0,0,0,0,0,0,0,0,0,0,0,201414,204444,204141,0,0,0,0,0,0,0,0,0,0,0,0,416,417,418,248,416,417,418,0,0,0,0,
102041,0,0,0,0,0,0,0,0,0,0,0,0,0,201414,204444,204141,0,0,0,0,0,0,0,0,0,0,0,0,424,425,426,248,424,425,426,0,0,0,0,
104344,102244,102244,102244,102244,102244,102244,102244,102041,0,0,0,0,0,201414,204444,204141,0,0,0,0,0,0,0,0,0,0,0,0,0,0,0,200011,0,0,0,0,0,0,0,
104444,104444,104444,104444,104444,104443,104422,104422,104322,102020,0,0,0,0,201402,204422,204120,0,0,0,0,0,0,0,200214,202243,202222,202222,202222,202222,202222,202222,203120,0,0,0,0,0,0,0,
104444,104444,104444,104444,104444,104141,0,0,0,0,0,0,400214,402244,402244,402244,402244,402244,402041,0,0,0,0,0,201414,204141,0,0,0,0,0,0,0,0,0,0,0,0,0,0,
104444,104443,104422,104422,104422,104120,0,0,0,0,0,400214,403444,404444,404444,404444,404444,404444,404344,402041,200214,202244,202244,202244,203444,204141,0,0,0,0,0,0,0,0,0,0,0,0,0,0,
104444,104141,0,0,0,0,0,0,0,0,0,401402,404434,404444,404444,404444,404444,404444,404443,404120,201402,204422,204422,204422,204422,204120,0,0,0,0,0,0,0,0,0,0,0,0,0,0,
104443,104120,0,0,0,0,0,0,0,0,0,0,401402,404422,404422,404422,404422,404422,404120,0,0,0,0,0,0,0,0,0,288,288,288,288,288,288,288,288,288,288,288,0,
104141,0,0,0,0,0,0,0,0,0,0,0,0,0,200214,202244,202041,0,0,0,0,0,0,0,0,0,0,0,288,288,288,288,288,288,288,288,288,288,288,0,
104120,0,0,0,0,0,0,0,0,0,0,0,0,0,201414,204444,204141,0,0,0,0,0,200214,202244,202244,202244,202244,202041,288,288,288,288,288,288,288,288,288,288,288,0,
0,0,0,0,0,0,0,0,0,0,0,0,0,0,201414,204444,204344,202244,202244,202244,202244,202244,203443,204422,204422,204422,204422,204120,288,288,288,288,288,288,288,288,288,288,288,0,
0,0,0,0,0,0,0,0,0,0,0,0,0,0,201414,204444,204443,204422,204422,204422,204422,204422,204120,0,0,0,0,0,288,288,288,288,288,288,288,288,288,288,288,0,
0,0,0,0,0,0,0,0,0,0,0,0,0,0,201414,204444,204141,0,0,0,0,0,0,0,0,0,0,0,0,0,0,0,0,0,0,0,0,0,0,0,
0,0,0,0,0,0,0,0,0,0,0,0,0,0,201414,204444,204141,0,0,0,0,0,0,0,0,0,0,0,0,0,0,0,0,0,0,0,0,0,0,0,
0,0,0,0,0,0,0,0,0,0,0,0,0,0,201414,204444,204141,0,0,0,0,0,0,0,0,0,0,0,0,0,0,0,0,0,0,0,0,0,0,0,
0,0,0,0,0,0,0,0,0,0,0,0,0,0,201414,204444,204141,0,0,0,0,0,0,0,0,0,0,0,0,0,0,0,0,0,0,0,0,0,0,0,
0,0,0,0,0,0,0,0,0,0,0,0,0,0,201414,204444,204141,0,0,0,0,0,0,0,0,0,0,0,0,0,0,0,0,0,0,0,100214,102244,102244,102244,
0,0,0,0,0,0,0,0,0,0,0,0,0,0,201414,204444,204141,0,0,0,0,0,0,0,0,0,0,0,0,0,0,0,0,0,0,100214,103444,104444,104444,104444,
0,0,0,0,0,0,0,0,0,0,0,0,0,0,201414,204444,204141,0,0,0,0,0,0,0,100214,102244,102244,102041,0,0,0,0,0,0,100214,103444,104444,104444,104444,104444,
0,0,0,0,0,0,0,0,0,0,0,0,0,0,201414,204444,204141,0,0,0,0,0,0,100214,103444,104444,104444,104344,102244,102041,0,0,0,100214,103444,104444,104444,104444,104444,104444,
[MAPLAYER_1_END]
[MAPLAYER_2_START]
504444,504444,504444,504444,504444,504444,504444,504444,504444,504444,504444,504141,101414,104444,104444,104444,104444,104444,104444,104444,104444,104444,104444,104444,104444,104444,104141,501402,504422,504422,504422,504434,504444,504444,504444,504444,504444,504444,504444,504444,
504444,504443,504422,504422,504422,504422,504434,504444,504444,504444,504444,504141,101414,104444,104444,104444,104444,104444,104444,104444,104444,104444,104444,104444,104444,104444,104344,102244,102244,102244,102041,501402,504422,504422,504422,504422,504434,504444,504444,504444,
504443,504120,100213,102222,102222,102020,501414,504444,504444,504444,504443,504120,101414,104444,104444,104444,104444,104444,104444,104444,104444,104444,104444,104444,104444,104444,104444,104444,104444,104444,104344,102244,102244,102244,102244,102041,501402,504434,504444,504444,
504141,100214,103141,5,5,5,501402,504434,504444,504443,504120,100214,103444,104444,104444,104444,104444,104444,104444,104444,104444,104444,104444,104444,104444,104444,104444,104444,104444,104444,104444,104444,104444,104444,104444,104344,102041,501414,504444,504444,
504141,101414,104141,5,5,5,100011,501414,504444,504141,100213,103422,104422,104434,104444,104444,104444,104444,104444,104444,104444,104444,104444,104444,104444,104444,104444,104444,104443,104422,104422,104422,104422,104422,104422,104422,104131,501414,504444,504444,
504141,101414,104344,102244,102244,102244,103141,501414,504444,504141,101111,10,11,101414,104444,104444,104444,104444,104444,104444,104444,104444,104444,104444,104444,104444,104444,104444,104141,240,240,240,240,240,240,240,101111,501402,504434,504444,
504141,101414,104444,104444,104444,104444,104141,501414,504444,504141,101111,18,19,101414,104444,104444,104444,104444,104444,104444,104444,104444,104444,104444,104444,104444,104444,104444,104141,244,100214,102244,102244,102244,102041,245,101314,102041,501414,504444,
504141,101414,104444,104444,104444,104444,104141,501402,504422,504120,101314,102244,102244,103444,104444,104444,104444,104444,104444,104444,104444,104444,104444,104444,104444,104444,104444,104444,104141,244,101414,104444,104444,104444,104141,245,101414,104141,501402,504434,
504141,101414,104444,104444,104444,104444,104344,102244,102244,102244,103444,104444,104444,104444,104444,104444,104444,104443,104422,104434,104444,104444,104444,104444,104444,104444,104444,104444,104141,244,101402,104422,104433,104422,104120,245,101414,104344,102041,501414,
504141,101402,104422,104434,104444,104444,104443,104422,104422,104434,104444,104444,104444,104444,104444,104444,104444,104141,716,101414,104444,104444,104444,104444,104444,104444,104444,104444,104141,252,252,252,101100,252,252,252,101414,104444,104141,501414,
504344,502244,502041,101402,104422,104422,104120,500214,502041,101402,104434,104444,104444,104444,104444,104444,104444,104141,301,101414,104443,104422,104422,104434,104444,104444,104444,104444,104344,102244,102244,102041,340,100011,455,100214,103444,104444,104141,501414,
504444,504444,504344,502244,502244,502244,502244,503444,504344,502041,101402,104422,104434,104444,104444,104444,104444,104344,102244,103444,104141,10,11,101414,104444,104444,104444,104444,104444,104444,104444,104141,348,101111,463,101414,104444,104444,104141,501414,
504444,504444,504444,504444,504444,504444,504444,504444,504444,504344,502243,502020,101414,104444,104444,104444,104444,104444,104444,104444,104141,18,19,101414,104444,104444,104444,104444,104444,104444,104444,104344,102244,103344,102244,103444,104444,104443,104120,501414,
504444,504444,504444,504444,504444,504444,504444,504444,504444,504444,504141,100214,103444,104444,104444,104444,104444,104444,104444,104444,104344,102244,102244,103444,104444,104444,104444,104443,104422,104422,104422,104422,104422,104422,104422,104422,104422,104120,500202,503434,
504444,504444,504444,504444,504444,504444,504443,504422,504422,504422,504120,101414,104444,104444,104444,104444,104444,104444,104444,104444,104444,104444,104444,104444,104444,104444,104444,104141,1600213,1602222,1602222,1602222,1602222,1602222,1602222,1602222,1602222,1602222,1602031,501414,
504444,504444,504444,504444,504444,504444,504141,100202,102222,102222,102234,103444,104444,104444,104444,104444,104444,104444,104444,104444,104444,104444,104444,104444,104444,104444,104444,104141,1601111,529,529,529,529,529,529,529,529,529,1601111,501414,
504444,504444,504443,504422,504422,504422,504322,502222,502222,502020,101414,104444,104444,104444,104444,104444,104444,104444,104444,104444,104444,104444,104444,104444,104444,104444,104444,104141,1601100,537,537,537,537,537,537,537,537,537,1601111,501414,
504444,504444,504141,100214,102244,102244,102244,102244,102244,102244,103444,104444,104444,104444,104444,104444,104444,104444,104444,104444,104444,104444,104444,104444,104444,104444,104443,104120,531,100202,102020,684,100213,102020,724,100202,102031,777,1601111,501414,
504444,504443,504120,101414,104444,104444,104444,104444,104444,104443,104422,104422,104422,104434,104444,104444,104444,104444,104444,104444,104444,104444,104444,104444,104444,104444,104141,664,539,678,678,694,101111,724,716,724,101111,785,1601111,501414,
504444,504141,100213,103422,104422,104422,104422,104422,104434,104141,72,73,74,101414,104444,104444,104444,104444,104444,104444,104444,104444,104444,104444,104444,104444,104344,102244,102244,102244,102244,102244,103344,102041,724,100214,103344,102041,1601111,501414,
504422,504120,101111,152,153,153,153,154,101414,104141,80,81,82,101414,104444,104444,104444,104444,104444,104444,104444,104444,104444,104444,104444,104444,104444,104443,104422,104422,104422,104422,104422,104322,102222,103422,104422,104120,1601111,501414,
102244,102244,103141,160,161,161,161,162,101414,104141,88,89,90,101414,104444,104444,104444,104444,104444,104444,104444,104444,104444,104444,104444,104444,104444,104141,1600202,1602222,1602222,1602222,1602222,1602222,1602222,1602222,1602222,1602222,1603120,501414,
104444,104444,104141,160,161,161,161,162,101414,104141,104,105,106,101414,104444,104444,104444,104444,104444,104444,104444,104444,104444,104444,104444,104444,104444,104141,528,529,529,529,529,529,529,529,529,529,530,501414,
104444,104444,104141,160,161,161,161,162,101414,104344,102244,102244,102244,103444,104444,104444,104444,104444,104444,104444,104444,104444,104444,104444,104444,104444,104444,104141,536,537,537,537,537,537,537,537,537,537,538,501414,
104444,104444,104141,168,169,169,169,170,101414,104444,104444,104444,104444,104444,104444,104444,104444,104444,104444,104444,104444,104444,104444,104444,104444,104444,104444,104344,102244,102244,102244,102244,102244,102041,500214,502244,502244,502244,502244,503444,
104444,104444,104344,102244,102244,102244,102244,102244,103444,104444,104444,104444,104444,104444,104444,104444,104444,104444,104444,104444,104444,104444,104443,104422,104422,104434,104444,104444,104444,104444,104444,104444,104444,104141,501414,504444,504444,504444,504444,504444,
104444,104444,104444,104444,104444,104444,104444,104444,104444,104444,104444,104444,104444,104444,104444,104444,104444,104444,104444,104444,104444,104444,104141,500214,502041,101402,104422,104422,104422,104422,104434,104443,104422,104120,501414,504444,504444,504444,504444,504444,
104444,104444,104444,104444,104444,104444,104444,104444,104444,104444,104444,104444,104444,104444,104444,104444,104444,104444,104444,104444,104444,104443,104120,501414,504344,502244,502244,502244,502244,502041,101402,104131,500214,502244,503444,504444,504444,504444,504444,504444,
104444,104444,104444,104444,104444,104444,104444,104444,104444,104444,104444,104444,104444,104444,104444,104444,104444,104444,104444,104444,104444,104141,500214,503444,504444,504444,504444,504444,504444,504344,502041,101100,501414,504444,504444,504444,504444,504444,504444,504444,
104444,104444,104444,104444,104444,104444,104444,104444,104444,104444,104444,104444,104444,104444,104444,104444,104444,104444,104444,104444,104444,104141,501414,504444,504444,504444,504444,504444,504444,504444,504344,502244,503444,504444,504444,504444,504444,504444,504444,504444,
[MAPLAYER_2_END]
[MAPLAYER_3_START]
104444,104444,104444,104444,104444,104444,104141,801414,804444,804444,804141,101414,104444,104444,104444,104444,104444,104444,104444,104444,104444,104444,104444,104444,104444,104444,104444,104444,104444,104444,104444,104444,104444,104444,104444,104444,104444,104444,104444,104444,
104444,104444,104443,104422,104422,104422,104131,801402,804422,804422,804120,101414,104444,104444,104444,104444,104444,104444,104444,104444,104444,104444,104444,104444,104444,104444,104444,104444,104444,104444,104444,104444,104444,104444,104444,104444,104444,104444,104444,104444,
104444,104444,104141,909,909,909,101314,102244,102244,102244,102244,103444,104444,104444,104444,104444,104444,104444,104444,104444,104444,104444,104444,104444,104444,104444,104444,104444,104444,104444,104444,104444,104444,104444,104444,104444,104444,104444,104444,104444,
104444,104444,104141,917,917,917,101414,104444,104444,104444,104444,104444,104444,104444,104444,104444,104444,104444,104444,104444,104444,104444,104444,104444,104444,104444,104444,104444,104444,104444,104444,104444,104444,104444,104444,104444,104444,104444,104444,104444,
104444,104444,104141,925,925,925,101414,104444,104444,104444,104444,104444,104444,104444,104444,104444,104444,104444,104444,104444,104444,104444,104444,104444,104444,104444,104444,104444,104443,104422,104434,104444,104444,104444,104443,104422,104434,104444,104444,104444,
104444,104444,104141,941,100011,941,101414,104444,104444,104444,104444,104444,104444,104444,104444,104444,104444,104444,104444,104444,104444,104444,104444,104444,104444,104444,104444,104444,104141,244,101414,104444,104444,104444,104141,245,101414,104444,104444,104444,
104444,104444,104141,949,101111,949,101414,104444,104444,104444,104444,104444,104444,104444,104444,104444,104444,104444,104444,104444,104444,104444,104444,104444,104444,104444,104444,104444,104344,102244,103444,104444,104444,104444,104344,102244,103444,104444,104444,104444,
104444,104444,104344,102244,103344,102244,103444,104444,104444,104444,104444,104444,104444,104444,104444,104444,104444,104444,104444,104444,104444,104444,104444,104444,104444,104444,104444,104444,104444,104444,104444,104444,104444,104444,104444,104444,104444,104444,104444,104444,
104444,104444,104444,104444,104444,104444,104444,104444,104444,104444,104444,104444,104444,104444,104444,104444,104444,104444,104444,104444,104444,104444,104444,104444,104444,104444,104444,104444,104444,104444,104444,104444,104444,104444,104444,104444,104444,104444,104444,104444,
104444,104444,104444,104444,104444,104444,104444,104444,104444,104444,104444,104444,104444,104444,104444,104444,104444,104444,104444,104444,104444,104444,104444,104444,104444,104444,104444,104444,104444,104444,104444,104444,104444,104443,104422,104434,104444,104444,104444,104444,
104444,104444,104444,104444,104444,104444,104444,104444,104444,104444,104444,104444,104444,104444,104444,104444,104444,104444,104444,104444,104444,104444,104444,104444,104444,104444,104444,104444,104444,104444,104444,104444,104444,104141,471,101414,104444,104444,104444,104444,
104444,104444,104444,104444,104444,104444,104444,104444,104444,104444,104444,104444,104444,104444,104444,104444,104444,104444,104444,104444,104444,104444,104444,104444,104444,104444,104444,104444,104444,104444,104444,104444,104444,104141,479,101414,104444,104444,104444,104444,
104444,104444,104444,104444,104444,104444,104444,104444,104444,104444,104444,104444,104444,104444,104444,104444,104444,104444,104444,104444,104444,104444,104444,104444,104444,104444,104444,104444,104444,104444,104444,104444,104444,104344,102244,103444,104444,104444,104444,104444,
104444,104444,104444,104444,104444,104444,104444,104444,104444,104444,104444,104444,104444,104444,104444,104444,104444,104444,104444,104444,104444,104444,104444,104444,104444,104444,104444,104444,104444,104444,104444,104444,104444,104444,104444,104444,104444,104444,104444,104444,
104444,104444,104444,104444,104444,104444,104444,104444,104444,104444,104444,104444,104444,104444,104444,104444,104444,104444,104444,104444,104444,104444,104444,104444,104444,104444,104444,104444,104444,104443,104422,104434,104444,104443,104422,104433,104422,104434,104444,104444,
104444,104444,104444,104444,104444,104444,104444,104444,104444,104444,104444,104444,104444,104444,104444,104444,104444,104444,104444,104444,104444,104444,104444,104444,104444,104444,104444,104444,104444,104141,595,101414,104444,104141,595,101111,595,101414,104444,104444,
104444,104444,104444,104444,104444,104444,104444,104444,104444,104444,104444,104444,104444,104444,104444,104444,104444,104444,104444,104444,104444,104444,104444,104444,104444,104444,104444,104444,104444,104141,603,101414,104444,104141,603,101111,603,101414,104444,104444,
104444,104444,104444,104444,104444,104444,104444,104444,104444,104444,104444,104444,104444,104444,104444,104444,104444,104444,104444,104444,104444,104444,104444,104444,104444,104444,104444,104444,104444,104344,102244,103444,104444,104344,102244,103344,102244,103444,104444,104444,
104444,104444,104444,104444,104444,104444,104444,104444,104444,104444,104444,104444,104444,104444,104444,104444,104444,104444,104444,104444,104444,104444,104444,104444,104444,104444,104444,104444,104444,104444,104444,104444,104444,104444,104444,104444,104444,104444,104444,104444,
104444,104444,104444,104444,104444,104444,104444,104444,104444,104444,104444,104444,104444,104444,104444,104444,104444,104444,104444,104444,104444,104444,104444,104444,104444,104444,104444,104444,104444,104444,104444,104444,104444,104444,104444,104444,104444,104444,104444,104444,
104444,104444,104444,104444,104444,104444,104444,104444,104444,104444,104443,104422,104434,104444,104444,104444,104444,104444,104444,104444,104444,104444,104444,104444,104444,104444,104444,104444,104444,104444,104444,104444,104444,104444,104444,104444,104444,104444,104444,104444,
104444,104444,104444,104444,104444,104444,104444,104444,104444,104444,104141,133,101414,104444,104444,104444,104444,104444,104444,104444,104444,104444,104444,104444,104444,104444,104444,104444,104444,104443,104422,104434,104444,104443,104422,104433,104422,104434,104444,104444,
104444,104444,104444,104444,104444,104444,104444,104444,104444,104444,104141,141,101414,104444,104444,104444,104444,104444,104444,104444,104444,104444,104444,104444,104444,104444,104444,104444,104444,104141,595,101414,104444,104141,595,101111,595,101414,104444,104444,
104444,104444,104444,104444,104444,104444,104444,104444,104444,104444,104344,102244,103444,104444,104444,104444,104444,104444,104444,104444,104444,104444,104444,104444,104444,104444,104444,104444,104444,104141,603,101402,104422,104131,603,101111,603,101414,104444,104444,
104444,104444,104444,104444,104444,104444,104444,104444,104444,104444,104444,104444,104444,104444,104444,104444,104444,104444,104444,104444,104444,104444,104444,104444,104444,104444,104444,104444,104444,104344,102041,875,875,101314,102244,103344,102244,103444,104444,104444,
104444,104444,104444,104444,104444,104444,104444,104444,104444,104444,104444,104444,104444,104444,104444,104444,104444,104444,104444,104444,104444,104444,104444,104444,104444,104444,104444,104444,104444,104444,104344,102244,102244,103444,104444,104444,104444,104444,104444,104444,
104444,104444,104444,104444,104444,104444,104444,104444,104444,104444,104444,104444,104444,104444,104444,104444,104444,104444,104444,104444,104444,104444,104444,104444,104444,104444,104444,104444,104444,104444,104444,104444,104444,104444,104444,104444,104444,104444,104444,104444,
104444,104444,104444,104444,104444,104444,104444,104444,104444,104444,104444,104444,104444,104444,104444,104444,104444,104444,104444,104444,104444,104444,104444,104444,104444,104444,104444,104444,104444,104444,104444,104444,104444,104444,104444,104444,104444,104444,104444,104444,
104444,104444,104444,104444,104444,104444,104444,104444,104444,104444,104444,104444,104444,104444,104444,104444,104444,104444,104444,104444,104444,104444,104444,104444,104444,104444,104444,104444,104444,104444,104444,104444,104444,104444,104444,104444,104444,104444,104444,104444,
104444,104444,104444,104444,104444,104444,104444,104444,104444,104444,104444,104444,104444,104444,104444,104444,104444,104444,104444,104444,104444,104444,104444,104444,104444,104444,104444,104444,104444,104444,104444,104444,104444,104444,104444,104444,104444,104444,104444,104444,
[MAPLAYER_3_END]
[--MAP_END--]
----------
[EVENTDATA_TEXT_OUTPUT]
EVENT_NUM=24
-----
EVENT_ID=0
EVENT_NAME=夕一（ゆういち）
EVENT_X=9
EVENT_Y=15
EVENT_PAGE=1
OPTION_DATA_NUM=0
EVENT_PAGE_NUM=1
EVENT_PAGE=0
EVENT_TILE_ID=-1
GRAPHIC_FILENAME=CharaChip/Animal_Chicken.png
EVENT_DIRECTION=6
EVENT_PATTERN=1
EVENT_OPACITY=255
EVENT_BLENDTYPE=0
EVENT_TRIGGER_TYPE=0
EVENT_CONDITION_0_USE=33
EVENT_CONDITION_TARGET_0=1100000
EVENT_CONDITION_VALUE_0=0
EVENT_CONDITION_1_USE=32
EVENT_CONDITION_TARGET_1=1000000
EVENT_CONDITION_VALUE_1=0
EVENT_CONDITION_2_USE=32
EVENT_CONDITION_TARGET_2=1000000
EVENT_CONDITION_VALUE_2=0
EVENT_CONDITION_3_USE=32
EVENT_CONDITION_TARGET_3=1000000
EVENT_CONDITION_VALUE_3=0
ANIME_SPEED=3
MOVE_SPEED=3
MOVE_FREQUENCY=3
MOVE_TYPE=0
CHARA_OPTION_FLAG=35
ROUTE_OPTION_FLAG=2
ROUTE_COMMAND_NUM=0
OPTION_VAL_NUM=3
OPTION_VAL_0=0
OPTION_VAL_1=0
OPTION_VAL_2=0
COMMAND_NUM=33
--
WoditorEvCOMMAND_START
[101][0,1]<0>()("夕一<\n>「やあ、ぼく\r[夕一,ゆういち]っていうんだ！")
[101][0,1]<0>()("夕一<\n>「ぼく、おなかが減ってるんだ！<\n>　何か食べるものを買ってきてくれたら<\n>　仲間になってあげるよ！")
[103][0,1]<0>()("アイテム「おいしいパン」の個数を取得")
[210][4,0]<0>(500017,16777217,17,1100001)()
[103][0,1]<0>()("それが1個以上なら選択肢が出る")
[111][4,0]<0>(1,1100001,1,1)()
[401][1,0]<0>(1)()
[103][0,1]<1>()("文章選択肢を実行　パンをあげるかどうか")
[102][1,2]<1>(2)("「おいしいパン」をあげる","また今度ね")
[401][1,0]<1>(2)()
[101][0,1]<2>()("夕一<\n>「わーい！ありがとう！<\n>　パクパク。")
[103][0,1]<2>()("おいしいパンを減らす")
[210][5,0]<2>(500000,3,17,-1,1)()
[103][0,1]<2>()("夕一を仲間に加える")
[210][4,0]<2>(500005,2,0,14)()
[103][0,1]<2>()("ここで セルフ変数0 を　1　にすると、「起動条件」が")
[103][0,1]<2>()("満たされなくなって、このイベントが消滅します（見えなくなる）。")
[121][4,0]<2>(1100000,1,0,0)()
[103][0,1]<2>()("見えなくなった後に仲間になったメッセージを表示")
[140][6,1]<2>(33554464,0,0,0,100,100)("SE/System_Get2_wolf.ogg")
[101][0,1]<2>()("ニワトリの\r[夕一,ゆういち]が仲間になった！")
[180][1,0]<2>(10)()
[101][0,1]<2>()("夕一<\n>「あ、ぼく戦いになったら<\n>　勝手に動くから！")
[101][0,1]<2>()("ウルファール<\n>「うん、ＡＩで動く、ってことね。")
[0][0,0]<2>()()
[401][1,0]<1>(3)()
[0][0,0]<2>()()
[421][1,0]<1>(0)()
[0][0,0]<2>()()
[499][0,0]<1>()()
[0][0,0]<1>()()
[499][0,0]<0>()()
[0][0,0]<0>()()
WoditorEvCOMMAND_END
--
[COMMAND_TEXT_START]
■文章:夕一\n「やあ、ぼく\r[夕一,ゆういち]っていうんだ！
■文章:夕一\n「ぼく、おなかが減ってるんだ！\n　何か食べるものを買ってきてくれたら\n　仲間になってあげるよ！
▼ アイテム「おいしいパン」の個数を取得
■イベントの挿入： このEvのSelf1 = コモン17：[ ▲アイテム所持数取得 ] / 17:おいしいパン
▼ それが1個以上なら選択肢が出る
■条件分岐(数値):  【1】 このEvのSelf1  が   1 以上 
-◇分岐： 【1】  [ このEvのSelf1  が  1 以上  ]の場合↓
 |▼ 文章選択肢を実行　パンをあげるかどうか
 |■文章選択肢:/ 【1】「おいしいパン」をあげる / 【2】また今度ね 
 |-◇選択肢：【1】 「おいしいパン」をあげる                             の場合↓
 | |■文章:夕一\n「わーい！ありがとう！\n　パクパク。
 | |▼ おいしいパンを減らす
 | |■イベントの挿入： コモン0：[ ○アイテム増減 ] / 17:おいしいパン / -1 / 1:あり[単位：～個]
 | |▼ 夕一を仲間に加える
 | |■イベントの挿入： コモン5：[ ○メンバーの増減 ] / 0:仲間に加える / 14:夕一
 | |▼ ここで セルフ変数0 を　1　にすると、「起動条件」が
 | |▼ 満たされなくなって、このイベントが消滅します（見えなくなる）。
 | |■変数操作: このEvのSelf0 = 1 + 0 
 | |▼ 見えなくなった後に仲間になったメッセージを表示
 | |■サウンド：SE ﾌｧｲﾙ[SE/System_Get2_wolf.ogg] 音 100％ 周 100％ (0 ﾁｬﾝﾈﾙ) 再生 / 遅延：0ﾌﾚｰﾑ
 | |■文章:ニワトリの\r[夕一,ゆういち]が仲間になった！
 | |■ウェイト：10 フレーム
 | |■文章:夕一\n「あ、ぼく戦いになったら\n　勝手に動くから！
 | |■文章:ウルファール\n「うん、ＡＩで動く、ってことね。
 | |■
 |-◇選択肢：【2】 また今度ね                                    の場合↓
 | |■
 |-◇キャンセルの場合
 | |■
 |◇分岐終了◇
 |■
◇分岐終了◇
■
[COMMAND_TEXT_END]
-----
EVENT_ID=1
EVENT_NAME=宿屋の人
EVENT_X=30
EVENT_Y=17
EVENT_PAGE=1
OPTION_DATA_NUM=0
EVENT_PAGE_NUM=1
EVENT_PAGE=0
EVENT_TILE_ID=-1
GRAPHIC_FILENAME=CharaChip/Chara_Civilian_Female_C.png
EVENT_DIRECTION=2
EVENT_PATTERN=1
EVENT_OPACITY=255
EVENT_BLENDTYPE=0
EVENT_TRIGGER_TYPE=0
EVENT_CONDITION_0_USE=32
EVENT_CONDITION_TARGET_0=1000000
EVENT_CONDITION_VALUE_0=0
EVENT_CONDITION_1_USE=32
EVENT_CONDITION_TARGET_1=1000000
EVENT_CONDITION_VALUE_1=0
EVENT_CONDITION_2_USE=32
EVENT_CONDITION_TARGET_2=1000000
EVENT_CONDITION_VALUE_2=0
EVENT_CONDITION_3_USE=32
EVENT_CONDITION_TARGET_3=1000000
EVENT_CONDITION_VALUE_3=0
ANIME_SPEED=3
MOVE_SPEED=3
MOVE_FREQUENCY=3
MOVE_TYPE=0
CHARA_OPTION_FLAG=35
ROUTE_OPTION_FLAG=2
ROUTE_COMMAND_NUM=0
OPTION_VAL_NUM=3
OPTION_VAL_0=0
OPTION_VAL_1=0
OPTION_VAL_2=0
COMMAND_NUM=12
--
WoditorEvCOMMAND_START
[101][0,1]<0>()("「いらっしゃいまーせー。")
[102][1,2]<0>(50)("完全回復する","何もしない")
[401][1,0]<0>(2)()
[101][0,1]<1>()("「はーい完全回復でーす！<\n>　ピロリロリロ～！")
[151][2,0]<1>(26658966,20)()
[210][5,0]<1>(500004,3,7,-1,15)()
[140][6,1]<1>(33554464,0,0,0,100,100)("SE/Effect_Healing1_panop.ogg")
[0][0,0]<1>()()
[401][1,0]<0>(3)()
[0][0,0]<1>()()
[499][0,0]<0>()()
[0][0,0]<0>()()
WoditorEvCOMMAND_END
--
[COMMAND_TEXT_START]
■文章:「いらっしゃいまーせー。
■文章選択肢:/ 【1】完全回復する / 【2】何もしない 
-◇選択肢：【1】 完全回復する                                   の場合↓
 |■文章:「はーい完全回復でーす！\n　ピロリロリロ～！
 |■色調変更：(フラッシュ) R150 G200 B150 / 20ﾌﾚｰﾑ
 |■イベントの挿入： コモン4：[ ○回復・ダメージ処理 ] / 7:完全回復 / -1:パーティ全員 / 15
 |■サウンド：SE ﾌｧｲﾙ[SE/Effect_Healing1_panop.ogg] 音 100％ 周 100％ (0 ﾁｬﾝﾈﾙ) 再生 / 遅延：0ﾌﾚｰﾑ
 |■
-◇選択肢：【2】 何もしない                                    の場合↓
 |■
◇分岐終了◇
■
[COMMAND_TEXT_END]
-----
EVENT_ID=2
EVENT_NAME=ダンジョンの扉
EVENT_X=34
EVENT_Y=11
EVENT_PAGE=1
OPTION_DATA_NUM=0
EVENT_PAGE_NUM=1
EVENT_PAGE=0
EVENT_TILE_ID=-1
GRAPHIC_FILENAME=
EVENT_DIRECTION=2
EVENT_PATTERN=1
EVENT_OPACITY=255
EVENT_BLENDTYPE=0
EVENT_TRIGGER_TYPE=0
EVENT_CONDITION_0_USE=32
EVENT_CONDITION_TARGET_0=1000000
EVENT_CONDITION_VALUE_0=0
EVENT_CONDITION_1_USE=32
EVENT_CONDITION_TARGET_1=1000000
EVENT_CONDITION_VALUE_1=0
EVENT_CONDITION_2_USE=32
EVENT_CONDITION_TARGET_2=1000000
EVENT_CONDITION_VALUE_2=0
EVENT_CONDITION_3_USE=32
EVENT_CONDITION_TARGET_3=1000000
EVENT_CONDITION_VALUE_3=0
ANIME_SPEED=3
MOVE_SPEED=3
MOVE_FREQUENCY=3
MOVE_TYPE=0
CHARA_OPTION_FLAG=35
ROUTE_OPTION_FLAG=2
ROUTE_COMMAND_NUM=0
OPTION_VAL_NUM=3
OPTION_VAL_0=0
OPTION_VAL_1=0
OPTION_VAL_2=0
COMMAND_NUM=18
--
WoditorEvCOMMAND_START
[103][0,1]<0>()("「ダンジョンのカギ」を持っているか判定し、セルフ変数0へ代入")
[210][4,0]<0>(500017,16777217,19,1100000)()
[103][0,1]<0>()("1個以上持ってたらダンジョンへ場所移動します")
[103][0,1]<0>()("（ゲーム中に1個しか手に入らないものでも、")
[103][0,1]<0>()("　条件分岐は「1個以上」とするのが安全です）")
[111][7,0]<0>(2,1100000,1,1,1100000,0,2)()
[401][1,0]<0>(1)()
[103][0,1]<1>()("ダンジョン内ではセーブを禁止する")
[210][3,0]<1>(500015,1,0)()
[103][0,1]<1>()("場所移動")
[130][5,0]<1>(-1,7,27,3,32)()
[0][0,0]<1>()()
[401][1,0]<0>(2)()
[103][0,1]<1>()("カギを持っていない場合はメッセージだけ")
[101][0,1]<1>()("カギがかかっているようだ……<\n>どこかでカギを見つけないといけない。")
[0][0,0]<1>()()
[499][0,0]<0>()()
[0][0,0]<0>()()
WoditorEvCOMMAND_END
--
[COMMAND_TEXT_START]
▼ 「ダンジョンのカギ」を持っているか判定し、セルフ変数0へ代入
■イベントの挿入： このEvのSelf0 = コモン17：[ ▲アイテム所持数取得 ] / 19:ダンジョンのカギ
▼ 1個以上持ってたらダンジョンへ場所移動します
▼ （ゲーム中に1個しか手に入らないものでも、
▼ 　条件分岐は「1個以上」とするのが安全です）
■条件分岐(数値):  【1】 このEvのSelf0  が   1 以上  【2】 このEvのSelf0  が   0 と同じ 
-◇分岐： 【1】  [ このEvのSelf0  が  1 以上  ]の場合↓
 |▼ ダンジョン内ではセーブを禁止する
 |■イベントの挿入： コモン15：[ ○セーブ許可・禁止設定 ] / 0:セーブを禁止する
 |▼ 場所移動
 |■場所移動：主人公 ▲マップID3[ダンジョン] X:7 Y:27  [ﾄﾗﾝｼﾞｼｮﾝ + 暗転有り]
 |■
-◇分岐： 【2】  [ このEvのSelf0  が  0 と同じ  ]の場合↓
 |▼ カギを持っていない場合はメッセージだけ
 |■文章:カギがかかっているようだ……\nどこかでカギを見つけないといけない。
 |■
◇分岐終了◇
■
[COMMAND_TEXT_END]
-----
EVENT_ID=3
EVENT_NAME=立て札
EVENT_X=35
EVENT_Y=12
EVENT_PAGE=1
OPTION_DATA_NUM=0
EVENT_PAGE_NUM=1
EVENT_PAGE=0
EVENT_TILE_ID=235
GRAPHIC_FILENAME=
EVENT_DIRECTION=2
EVENT_PATTERN=1
EVENT_OPACITY=255
EVENT_BLENDTYPE=0
EVENT_TRIGGER_TYPE=0
EVENT_CONDITION_0_USE=32
EVENT_CONDITION_TARGET_0=1000000
EVENT_CONDITION_VALUE_0=0
EVENT_CONDITION_1_USE=32
EVENT_CONDITION_TARGET_1=1000000
EVENT_CONDITION_VALUE_1=0
EVENT_CONDITION_2_USE=32
EVENT_CONDITION_TARGET_2=1000000
EVENT_CONDITION_VALUE_2=0
EVENT_CONDITION_3_USE=32
EVENT_CONDITION_TARGET_3=1000000
EVENT_CONDITION_VALUE_3=0
ANIME_SPEED=3
MOVE_SPEED=3
MOVE_FREQUENCY=3
MOVE_TYPE=0
CHARA_OPTION_FLAG=35
ROUTE_OPTION_FLAG=2
ROUTE_COMMAND_NUM=0
OPTION_VAL_NUM=3
OPTION_VAL_0=0
OPTION_VAL_1=0
OPTION_VAL_2=0
COMMAND_NUM=2
--
WoditorEvCOMMAND_START
[101][0,1]<0>()("『ここがダンジョン入口です』<\n>と書いてある。")
[0][0,0]<0>()()
WoditorEvCOMMAND_END
--
[COMMAND_TEXT_START]
■文章:『ここがダンジョン入口です』\nと書いてある。
■
[COMMAND_TEXT_END]
-----
EVENT_ID=4
EVENT_NAME=俺の畑の人
EVENT_X=5
EVENT_Y=22
EVENT_PAGE=1
OPTION_DATA_NUM=0
EVENT_PAGE_NUM=1
EVENT_PAGE=0
EVENT_TILE_ID=-1
GRAPHIC_FILENAME=CharaChip/Chara_Civilian_Male_A.png
EVENT_DIRECTION=3
EVENT_PATTERN=1
EVENT_OPACITY=255
EVENT_BLENDTYPE=0
EVENT_TRIGGER_TYPE=3
EVENT_CONDITION_0_USE=32
EVENT_CONDITION_TARGET_0=1000000
EVENT_CONDITION_VALUE_0=0
EVENT_CONDITION_1_USE=32
EVENT_CONDITION_TARGET_1=1000000
EVENT_CONDITION_VALUE_1=0
EVENT_CONDITION_2_USE=32
EVENT_CONDITION_TARGET_2=1000000
EVENT_CONDITION_VALUE_2=0
EVENT_CONDITION_3_USE=32
EVENT_CONDITION_TARGET_3=1000000
EVENT_CONDITION_VALUE_3=0
ANIME_SPEED=3
MOVE_SPEED=3
MOVE_FREQUENCY=3
MOVE_TYPE=0
CHARA_OPTION_FLAG=35
ROUTE_OPTION_FLAG=2
ROUTE_COMMAND_NUM=0
OPTION_VAL_NUM=3
OPTION_VAL_0=0
OPTION_VAL_1=4
OPTION_VAL_2=4
COMMAND_NUM=5
--
WoditorEvCOMMAND_START
[201][1,0]<0>(-1)()(2,[26],[47,1],[21,0,0])
[180][1,0]<0>(10)()
[101][0,1]<0>()("「こらっ、ここはオレの畑だから<\n>　入ってくんな！")
[101][0,1]<0>()("「ちなみにオレ、「接触範囲拡張」で<\n>　イベントの起動範囲を広げてあるから、<\n>　どこから入ってきても一発で気付くぞ！")
[0][0,0]<0>()()
WoditorEvCOMMAND_END
--
[COMMAND_TEXT_START]
■動作指定：[ｽｷｯﾌﾟ]  このイベント / 主人公の方を向く / ウェイト 1フレーム / ジャンプ - 右:[0] 下:[0]
■ウェイト：10 フレーム
■文章:「こらっ、ここはオレの畑だから\n　入ってくんな！
■文章:「ちなみにオレ、「接触範囲拡張」で\n　イベントの起動範囲を広げてあるから、\n　どこから入ってきても一発で気付くぞ！
■
[COMMAND_TEXT_END]
-----
EVENT_ID=5
EVENT_NAME=目的教える女の人
EVENT_X=10
EVENT_Y=25
EVENT_PAGE=1
OPTION_DATA_NUM=0
EVENT_PAGE_NUM=1
EVENT_PAGE=0
EVENT_TILE_ID=-1
GRAPHIC_FILENAME=CharaChip/Chara_Civilian_Female_A.png
EVENT_DIRECTION=2
EVENT_PATTERN=1
EVENT_OPACITY=255
EVENT_BLENDTYPE=0
EVENT_TRIGGER_TYPE=0
EVENT_CONDITION_0_USE=32
EVENT_CONDITION_TARGET_0=1000000
EVENT_CONDITION_VALUE_0=0
EVENT_CONDITION_1_USE=32
EVENT_CONDITION_TARGET_1=1000000
EVENT_CONDITION_VALUE_1=0
EVENT_CONDITION_2_USE=32
EVENT_CONDITION_TARGET_2=1000000
EVENT_CONDITION_VALUE_2=0
EVENT_CONDITION_3_USE=32
EVENT_CONDITION_TARGET_3=1000000
EVENT_CONDITION_VALUE_3=0
ANIME_SPEED=1
MOVE_SPEED=3
MOVE_FREQUENCY=3
MOVE_TYPE=0
CHARA_OPTION_FLAG=35
ROUTE_OPTION_FLAG=2
ROUTE_COMMAND_NUM=0
OPTION_VAL_NUM=3
OPTION_VAL_0=0
OPTION_VAL_1=0
OPTION_VAL_2=0
COMMAND_NUM=4
--
WoditorEvCOMMAND_START
[101][0,1]<0>()("「キャンセルキーを押すと、メニューが出せるわ！<\n>　見てみてね！<\n><\n>　\f[10]※キャンセルキーは「ESC」「BS」「X」キーです。")
[101][0,1]<0>()("「それはそうと、ここであなたがやることは<\n>　レベルを上げて仲間を増やして、<\n> 『WOLF RPGエディター』をゲットすることよ！")
[101][0,1]<0>()("「『WOLF RPGエディター』は<\n>　ダンジョンの中にあるらしいから、<\n>　がんばってね！")
[0][0,0]<0>()()
WoditorEvCOMMAND_END
--
[COMMAND_TEXT_START]
■文章:「キャンセルキーを押すと、メニューが出せるわ！\n　見てみてね！\n\n　\f[10]※キャンセルキーは「ESC」「BS」「X」キーです。
■文章:「それはそうと、ここであなたがやることは\n　レベルを上げて仲間を増やして、\n 『WOLF RPGエディター』をゲットすることよ！
■文章:「『WOLF RPGエディター』は\n　ダンジョンの中にあるらしいから、\n　がんばってね！
■
[COMMAND_TEXT_END]
-----
EVENT_ID=6
EVENT_NAME=【場所移動 Bへ】
EVENT_X=15
EVENT_Y=0
EVENT_PAGE=1
OPTION_DATA_NUM=0
EVENT_PAGE_NUM=1
EVENT_PAGE=0
EVENT_TILE_ID=-1
GRAPHIC_FILENAME=
EVENT_DIRECTION=2
EVENT_PATTERN=1
EVENT_OPACITY=255
EVENT_BLENDTYPE=0
EVENT_TRIGGER_TYPE=3
EVENT_CONDITION_0_USE=32
EVENT_CONDITION_TARGET_0=1000000
EVENT_CONDITION_VALUE_0=0
EVENT_CONDITION_1_USE=32
EVENT_CONDITION_TARGET_1=1000000
EVENT_CONDITION_VALUE_1=0
EVENT_CONDITION_2_USE=32
EVENT_CONDITION_TARGET_2=1000000
EVENT_CONDITION_VALUE_2=0
EVENT_CONDITION_3_USE=32
EVENT_CONDITION_TARGET_3=1000000
EVENT_CONDITION_VALUE_3=0
ANIME_SPEED=3
MOVE_SPEED=3
MOVE_FREQUENCY=3
MOVE_TYPE=0
CHARA_OPTION_FLAG=35
ROUTE_OPTION_FLAG=2
ROUTE_COMMAND_NUM=0
OPTION_VAL_NUM=3
OPTION_VAL_0=0
OPTION_VAL_1=4
OPTION_VAL_2=0
COMMAND_NUM=2
--
WoditorEvCOMMAND_START
[130][5,0]<0>(-1,12,24,2,16)()
[0][0,0]<0>()()
WoditorEvCOMMAND_END
--
[COMMAND_TEXT_START]
■場所移動：主人公 ▲マップID2[サンプルマップB] X:12 Y:24  [ﾄﾗﾝｼﾞｼｮﾝ + 暗転なし]
■
[COMMAND_TEXT_END]
-----
EVENT_ID=7
EVENT_NAME=ハカセ
EVENT_X=4
EVENT_Y=6
EVENT_PAGE=1
OPTION_DATA_NUM=0
EVENT_PAGE_NUM=1
EVENT_PAGE=0
EVENT_TILE_ID=-1
GRAPHIC_FILENAME=CharaChip/Chara_Doctor.png
EVENT_DIRECTION=2
EVENT_PATTERN=1
EVENT_OPACITY=255
EVENT_BLENDTYPE=0
EVENT_TRIGGER_TYPE=0
EVENT_CONDITION_0_USE=32
EVENT_CONDITION_TARGET_0=1000000
EVENT_CONDITION_VALUE_0=0
EVENT_CONDITION_1_USE=32
EVENT_CONDITION_TARGET_1=1000000
EVENT_CONDITION_VALUE_1=0
EVENT_CONDITION_2_USE=32
EVENT_CONDITION_TARGET_2=1000000
EVENT_CONDITION_VALUE_2=0
EVENT_CONDITION_3_USE=32
EVENT_CONDITION_TARGET_3=1000000
EVENT_CONDITION_VALUE_3=0
ANIME_SPEED=3
MOVE_SPEED=3
MOVE_FREQUENCY=3
MOVE_TYPE=0
CHARA_OPTION_FLAG=35
ROUTE_OPTION_FLAG=2
ROUTE_COMMAND_NUM=0
OPTION_VAL_NUM=3
OPTION_VAL_0=0
OPTION_VAL_1=0
OPTION_VAL_2=0
COMMAND_NUM=74
--
WoditorEvCOMMAND_START
[103][0,1]<0>()("-----------------------------------------------------")
[103][0,1]<0>()("【このイベントを見てくれたあなたへ、お得な情報！】")
[103][0,1]<0>()("　マップ上でマウス中ボタンをクリック(またはスペースキーを押す)しながら")
[103][0,1]<0>()("　マウスを動かす（ﾄﾞﾗｯｸﾞ）と、マップを快適にスクロールできます。")
[103][0,1]<0>()("-----------------------------------------------------")
[101][0,1]<0>()("「こんにちは～、ハカセでーす！<\n>　今日は何を聞きに来たのかな？")
[180][1,0]<0>(1)()
[102][1,7]<0>(7)("どういう話をしてくれるの？","文字列ピクチャについて教えて","ウィンドウピクチャについて教えて","キーボードから文字入力","特殊文字について教えて","アイコンいっぱい見せて","フォント変更について教えて")
[401][1,0]<0>(2)()
[101][0,1]<1>()("「ワタシはウディタの、<\n>　基本的な機能の紹介をしているの！")
[101][0,1]<1>()("「自作システム作りたーい、ってキミや、<\n>　ウディタをバリバリ使いこなしたいキミには<\n>　ぜひ聞いていってもらいたいなっ！")
[101][0,1]<1>()("「えー、システムなんて最初から入ってるのだけで<\n>　十分だよ～、覚えるのメンドウ！<\n>　って感じのキミは、聞かなくってもOKだぞ！")
[0][0,0]<1>()()
[401][1,0]<0>(3)()
[101][0,1]<1>()("「WOLF RPGエディターでは<\n>　画像をピクチャとして表示するだけじゃなくて<\n>　文章をピクチャとして表示することもできるの！")
[101][0,1]<1>()("「たとえば「ハカセサイコー！」という文章で<\n>　ピクチャを出してみるわよ！")
[150][11,1]<1>(4128,1000,0,1,1,1,255,160,120,100,0)("\f[32]ハカセサイコー")
[101][0,1]<1>()("「ほら、こんな風に！")
[150][11,0]<1>(65537,1000,10,0,0,1,255,50,0,100,0)()
[101][0,1]<1>()("「これはピクチャだから、<\n>　表示位置を動かしたり……。")
[150][11,0]<1>(65537,1000,20,0,0,1,255,0,0,150,0)()
[101][0,1]<1>()("「拡大縮小したりもできるわ！<\n>　ステータス画面を自作するときには<\n>　鼻血が出るほど便利なんだからっ！！")
[150][3,0]<1>(4130,1000,10)()
[0][0,0]<1>()()
[401][1,0]<0>(4)()
[101][0,1]<1>()("@1<\n>「これは自由なサイズのウィンドウ画像を<\n>　ピクチャとして表示することができる機能よ！")
[150][11,1]<1>(4096,1000,10,1,1,1,255,160,120,100,0)("SystemFile/WindowBase_amania.png")
[101][0,1]<1>()("「たとえば、縦3x横3分割できる<\n>　こんなベース画像を作っておけば……。")
[150][11,1]<1>(4144,1000,10,100,80,1,255,160,120,100,0)("SystemFile/WindowBase_amania.png")
[101][0,1]<1>()("「こんなウィンドウや……。")
[150][11,1]<1>(4144,1000,10,150,60,1,255,160,120,100,0)("SystemFile/WindowBase_amania.png")
[101][0,1]<1>()("「こんなウィンドウが、<\n>　「作りたいサイズ」を指定するだけで<\n>　簡単に作れるってワケ！")
[150][3,0]<1>(4146,1000,10)()
[101][0,1]<1>()("「これでもうサイズ違いのウィンドウを<\n>　いちいち作る必要がなくなるの！<\n>　便利でしょ！")
[101][0,1]<1>()("「このサンプルゲームのメニューは、<\n>　ほとんどがこれを利用して作られているわ！")
[0][0,0]<1>()()
[401][1,0]<0>(5)()
[101][0,1]<1>()("「ウディタではキーボードで文字を入力したりも<\n>　できるわよ！終わったらEnterを押してね！")
[122][3,0]<1>(3000000,4099,30)()
[112][2,4]<1>(17,3000000)("","","","")
[401][1,0]<1>(1)()
[101][0,1]<2>()("「キャンセルされましたー。")
[0][0,0]<2>()()
[420][1,0]<1>(0)()
[101][0,1]<2>()("「今キミは<\n>　「\s[0]」<\n>　って入力したわね！")
[101][0,1]<2>()("「ということで、名前入力を<\n>　させたいときなんかには、<\n>　この機能がとーっても便利だと思うの！")
[0][0,0]<2>()()
[499][0,0]<1>()()
[0][0,0]<1>()()
[401][1,0]<0>(6)()
[101][0,1]<1>()("「特殊文字を使うと、こうして出てる文章に<\n>　いろどりを添えられるのよ！")
[101][0,1]<1>()("「たとえば、Data内のBasicDataフォルダに<\n>　icon031.pngみたいなファイルを入れておくと、<\n>　文章中に「\\i[31]本」って入れるだけで<\n>　「\i[31]本」みたいに表示することができるし……。")
[101][0,1]<1>()("「また、\\r[人生,じんせい]って入れると<\n>　 \r[人生,じんせい] という風に<\n>　ルビを付けることができたり……。\f[9]<\n>　（ルビ色はシステムDBタイプ12のデータ13で設定）")
[101][0,1]<1>()("「\\!という文字を入れると<\n>　そこで文章を一旦停止できるの、<\n>　\!こんな風にね。")
[101][0,1]<1>()("「他にも\\.で1/4秒のウェイトを持たせたり、\.<\n>　\\^でキー入力を待たずに文章表示を<\n>　終わらせることもできるわ、<\n>　\\^は次でやってみるわね。")
[101][0,1]<1>()("\f[20]「ハ\.カ\.セ\.サイコー！\.\.\^")
[101][0,1]<1>()("「ま、こんな感じね、<\n>　詳しいことは公式サイトの<\n>　WOLF RPGエディター説明書を読んでみてね。")
[0][0,0]<1>()()
[401][1,0]<0>(7)()
[101][0,1]<1>()("「アイコンいっぱい出してみるわよ！")
[101][0,1]<1>()("0～9　 \i[0]\i[1]\i[2]\i[3]\i[4]\i[5]\i[6]\i[7]\i[8]\i[9]<\n>10～19 \i[10]\i[11]\i[12]\i[13]\i[14]\i[15]\i[16]\i[17]\i[18]\i[19]<\n>20～29 \i[20]\i[21]\i[22]\i[23]\i[24]\i[25]\i[26]\i[27]\i[28]\i[29]<\n>30～39 \i[30]\i[31]\i[32]\i[33]\i[34]\i[35]\i[36]\i[37]\i[38]\i[39]")
[101][0,1]<1>()("40～49 \i[40]\i[41]\i[42]\i[43]\i[44]\i[45]\i[46]\i[47]\i[48]\i[49]<\n>50～59 \i[50]\i[51]\i[52]\i[53]\i[54]\i[55]\i[56]\i[57]\i[58]\i[59]<\n>60～69 \i[60]\i[61]\i[62]\i[63]\i[64]\i[65]\i[66]\i[67]\i[68]\i[69]<\n>70～79 \i[70]\i[71]\i[72]\i[73]\i[74]\i[75]\i[76]\i[77]\i[78]\i[79]")
[101][0,1]<1>()("80～89 \i[80]\i[81]\i[82]\i[83]\i[84]\i[85]\i[86]\i[87]\i[88]\i[89]<\n>90～99 \i[90]\i[91]\i[92]\i[93]\i[94]\i[95]\i[96]\i[97]\i[98]\i[99]<\n>100～109 \i[100]\i[101]\i[102]\i[103]\i[104]\i[105]\i[106]\i[107]\i[108]\i[109]<\n>110～125 \i[110]\i[111]\i[112]\i[113]\i[114]\i[115]\i[116]\i[117]\i[118]\i[119]\i[120]\i[121]\i[122]\i[123]\i[124]\i[125]")
[0][0,0]<1>()()
[401][1,0]<0>(8)()
[101][0,1]<1>()("「WOLF RPGエディターでは、<\n>　最大4種類のフォントを<\n>　使い分けることができるのよ！")
[101][0,1]<1>()("「たとえば今使ってるメイリオ(Meiryo)や、<\n>　Arial Blackなんてフォントを<\n>　試しに見比べてみるわね。")
[101][0,1]<1>()("メイリオ → \font[0]あいうえお 012345 ABCDE<\n>Arial Black → \font[1]　　　　　 012345 ABCDE")
[101][0,1]<1>()("「とまあ、こんな感じね！<\n>　パソコンに入ってないフォントを指定すると<\n>　全部MS Gothicになるから気を付けてね！")
[0][0,0]<1>()()
[421][1,0]<0>(0)()
[0][0,0]<1>()()
[499][0,0]<0>()()
[0][0,0]<0>()()
WoditorEvCOMMAND_END
--
[COMMAND_TEXT_START]
▼ -----------------------------------------------------
▼ 【このイベントを見てくれたあなたへ、お得な情報！】
▼ 　マップ上でマウス中ボタンをクリック(またはスペースキーを押す)しながら
▼ 　マウスを動かす（ﾄﾞﾗｯｸﾞ）と、マップを快適にスクロールできます。
▼ -----------------------------------------------------
■文章:「こんにちは～、ハカセでーす！\n　今日は何を聞きに来たのかな？
■ウェイト：1 フレーム
■文章選択肢:/ 【1】どういう話をしてくれるの？ / 【2】文字列ピクチャについて教えて / 【3】ウィンドウピクチャについて教えて / 【4】キーボードから文字入力 / 【5】特殊文字について教えて / 【6】アイコンいっぱい見せて / 【7】フォント変更について教えて 
-◇選択肢：【1】 どういう話をしてくれるの？                            の場合↓
 |■文章:「ワタシはウディタの、\n　基本的な機能の紹介をしているの！
 |■文章:「自作システム作りたーい、ってキミや、\n　ウディタをバリバリ使いこなしたいキミには\n　ぜひ聞いていってもらいたいなっ！
 |■文章:「えー、システムなんて最初から入ってるのだけで\n　十分だよ～、覚えるのメンドウ！\n　って感じのキミは、聞かなくってもOKだぞ！
 |■
-◇選択肢：【2】 文字列ピクチャについて教えて                           の場合↓
 |■文章:「WOLF RPGエディターでは\n　画像をピクチャとして表示するだけじゃなくて\n　文章をピクチャとして表示することもできるの！
 |■文章:「たとえば「ハカセサイコー！」という文章で\n　ピクチャを出してみるわよ！
 |■ﾋﾟｸﾁｬ表示：1000 [中心]文字列[\f[32]ハカセサイコー] X:160 Y:120 / 0(0)ﾌﾚｰﾑ  / ﾊﾟﾀｰﾝ 1 / 透 255 / 通常  / 角 0 / 拡 100％ / ｶﾗｰ R[100] G[100] B[100]
 |■文章:「ほら、こんな風に！
 |■ﾋﾟｸﾁｬ移動：1000 相対X:50 Y:0 / 10(0)ﾌﾚｰﾑ  / ﾊﾟﾀｰﾝ 1 / 透 255 / 通常  / 角 0 / 拡 100％ / ｶﾗｰ R[100] G[100] B[100]
 |■文章:「これはピクチャだから、\n　表示位置を動かしたり……。
 |■ﾋﾟｸﾁｬ移動：1000 相対X:0 Y:0 / 20(0)ﾌﾚｰﾑ  / ﾊﾟﾀｰﾝ 1 / 透 255 / 通常  / 角 0 / 拡 150％ / ｶﾗｰ R[100] G[100] B[100]
 |■文章:「拡大縮小したりもできるわ！\n　ステータス画面を自作するときには\n　鼻血が出るほど便利なんだからっ！！
 |■ﾋﾟｸﾁｬ消去：1000  / 10(0)ﾌﾚｰﾑ
 |■
-◇選択肢：【3】 ウィンドウピクチャについて教えて                         の場合↓
 |■文章:@1\n「これは自由なサイズのウィンドウ画像を\n　ピクチャとして表示することができる機能よ！
 |■ﾋﾟｸﾁｬ表示：1000 [中心]ﾌｧｲﾙ｢SystemFile/WindowBase_amania.png｣ X:160 Y:120 / 10(0)ﾌﾚｰﾑ  / ﾊﾟﾀｰﾝ 1 / 透 255 / 通常  / 角 0 / 拡 100％ / ｶﾗｰ R[100] G[100] B[100]
 |■文章:「たとえば、縦3x横3分割できる\n　こんなベース画像を作っておけば……。
 |■ﾋﾟｸﾁｬ表示：1000 [中心]ｳｨﾝﾄﾞｳ「SystemFile/WindowBase_amania.png」ｻｲｽﾞ[100,80] X:160 Y:120 / 10(0)ﾌﾚｰﾑ  / ﾊﾟﾀｰﾝ 1 / 透 255 / 通常  / 角 0 / 拡 100％ / ｶﾗｰ R[100] G[100] B[100]
 |■文章:「こんなウィンドウや……。
 |■ﾋﾟｸﾁｬ表示：1000 [中心]ｳｨﾝﾄﾞｳ「SystemFile/WindowBase_amania.png」ｻｲｽﾞ[150,60] X:160 Y:120 / 10(0)ﾌﾚｰﾑ  / ﾊﾟﾀｰﾝ 1 / 透 255 / 通常  / 角 0 / 拡 100％ / ｶﾗｰ R[100] G[100] B[100]
 |■文章:「こんなウィンドウが、\n　「作りたいサイズ」を指定するだけで\n　簡単に作れるってワケ！
 |■ﾋﾟｸﾁｬ消去：1000  / 10(0)ﾌﾚｰﾑ
 |■文章:「これでもうサイズ違いのウィンドウを\n　いちいち作る必要がなくなるの！\n　便利でしょ！
 |■文章:「このサンプルゲームのメニューは、\n　ほとんどがこれを利用して作られているわ！
 |■
-◇選択肢：【4】 キーボードから文字入力                              の場合↓
 |■文章:「ウディタではキーボードで文字を入力したりも\n　できるわよ！終わったらEnterを押してね！
 |■文字列操作：S0[[サンプル]一時文字列] = ｷｰﾎﾞｰﾄﾞ入力 30ﾊﾞｲﾄ [ｷｬﾝｾﾙ可] 
 |■条件分岐(文字):  【1】 S0[[サンプル]一時文字列] が "" と同じ
 |-◇分岐： 【1】 [ S0[[サンプル]一時文字列] が "" と同じ ]の場合↓
 | |■文章:「キャンセルされましたー。
 | |■
 |-◇上記以外
 | |■文章:「今キミは\n　「\s[0]」\n　って入力したわね！
 | |■文章:「ということで、名前入力を\n　させたいときなんかには、\n　この機能がとーっても便利だと思うの！
 | |■
 |◇分岐終了◇
 |■
-◇選択肢：【5】 特殊文字について教えて                              の場合↓
 |■文章:「特殊文字を使うと、こうして出てる文章に\n　いろどりを添えられるのよ！
 |■文章:「たとえば、Data内のBasicDataフォルダに\n　icon031.pngみたいなファイルを入れておくと、\n　文章中に「\\i[31]本」って入れるだけで\n　「\i[31]本」みたいに表示することができるし……。
 |■文章:「また、\\r[人生,じんせい]って入れると\n　 \r[人生,じんせい] という風に\n　ルビを付けることができたり……。\f[9]\n　（ルビ色はシステムDBタイプ12のデータ13で設定）
 |■文章:「\\!という文字を入れると\n　そこで文章を一旦停止できるの、\n　\!こんな風にね。
 |■文章:「他にも\\.で1/4秒のウェイトを持たせたり、\.\n　\\^でキー入力を待たずに文章表示を\n　終わらせることもできるわ、\n　\\^は次でやってみるわね。
 |■文章:\f[20]「ハ\.カ\.セ\.サイコー！\.\.\^
 |■文章:「ま、こんな感じね、\n　詳しいことは公式サイトの\n　WOLF RPGエディター説明書を読んでみてね。
 |■
-◇選択肢：【6】 アイコンいっぱい見せて                              の場合↓
 |■文章:「アイコンいっぱい出してみるわよ！
 |■文章:0～9　 \i[0]\i[1]\i[2]\i[3]\i[4]\i[5]\i[6]\i[7]\i[8]\i[9]\n10～19 \i[10]\i[11]\i[12]\i[13]\i[14]\i[15]\i[16]\i[17]\i[18]\i[19]\n20～29 \i[20]\i[21]\i[22]\i[23]\i[24]\i[25]\i[26]\i[27]\i[28]\i[29]\n30～39 \i[30]\i[31]\i[32]\i[33]\i[34]\i[35]\i[36]\i[37]\i[38]\i[39]
 |■文章:40～49 \i[40]\i[41]\i[42]\i[43]\i[44]\i[45]\i[46]\i[47]\i[48]\i[49]\n50～59 \i[50]\i[51]\i[52]\i[53]\i[54]\i[55]\i[56]\i[57]\i[58]\i[59]\n60～69 \i[60]\i[61]\i[62]\i[63]\i[64]\i[65]\i[66]\i[67]\i[68]\i[69]\n70～79 \i[70]\i[71]\i[72]\i[73]\i[74]\i[75]\i[76]\i[77]\i[78]\i[79]
 |■文章:80～89 \i[80]\i[81]\i[82]\i[83]\i[84]\i[85]\i[86]\i[87]\i[88]\i[89]\n90～99 \i[90]\i[91]\i[92]\i[93]\i[94]\i[95]\i[96]\i[97]\i[98]\i[99]\n100～109 \i[100]\i[101]\i[102]\i[103]\i[104]\i[105]\i[106]\i[107]\i[108]\i[109]\n110～125 \i[110]\i[111]\i[112]\i[113]\i[114]\i[115]\i[116]\i[117]\i[118]\i[119]\i[120]\i[121]\i[122]\i[123]\i[124]\i[125]
 |■
-◇選択肢：【7】 フォント変更について教えて                            の場合↓
 |■文章:「WOLF RPGエディターでは、\n　最大4種類のフォントを\n　使い分けることができるのよ！
 |■文章:「たとえば今使ってるメイリオ(Meiryo)や、\n　Arial Blackなんてフォントを\n　試しに見比べてみるわね。
 |■文章:メイリオ → \font[0]あいうえお 012345 ABCDE\nArial Black → \font[1]　　　　　 012345 ABCDE
 |■文章:「とまあ、こんな感じね！\n　パソコンに入ってないフォントを指定すると\n　全部MS Gothicになるから気を付けてね！
 |■
-◇キャンセルの場合
 |■
◇分岐終了◇
■
[COMMAND_TEXT_END]
-----
EVENT_ID=8
EVENT_NAME=エディ
EVENT_X=32
EVENT_Y=6
EVENT_PAGE=1
OPTION_DATA_NUM=0
EVENT_PAGE_NUM=1
EVENT_PAGE=0
EVENT_TILE_ID=-1
GRAPHIC_FILENAME=CharaChip/Special_Edy.png
EVENT_DIRECTION=2
EVENT_PATTERN=1
EVENT_OPACITY=255
EVENT_BLENDTYPE=0
EVENT_TRIGGER_TYPE=0
EVENT_CONDITION_0_USE=33
EVENT_CONDITION_TARGET_0=1000000
EVENT_CONDITION_VALUE_0=0
EVENT_CONDITION_1_USE=32
EVENT_CONDITION_TARGET_1=1000000
EVENT_CONDITION_VALUE_1=0
EVENT_CONDITION_2_USE=32
EVENT_CONDITION_TARGET_2=1000000
EVENT_CONDITION_VALUE_2=0
EVENT_CONDITION_3_USE=32
EVENT_CONDITION_TARGET_3=1000000
EVENT_CONDITION_VALUE_3=0
ANIME_SPEED=3
MOVE_SPEED=3
MOVE_FREQUENCY=3
MOVE_TYPE=0
CHARA_OPTION_FLAG=35
ROUTE_OPTION_FLAG=2
ROUTE_COMMAND_NUM=0
OPTION_VAL_NUM=3
OPTION_VAL_0=0
OPTION_VAL_1=0
OPTION_VAL_2=0
COMMAND_NUM=22
--
WoditorEvCOMMAND_START
[101][0,1]<0>()("P・G・エディ<\n>「オレの名はP･G･エディ！<\n>　ブラジルからやってきたオッサンだ！")
[101][0,1]<0>()("P・G・エディ<\n>「オレは強いヤツが大好きだ！")
[101][0,1]<0>()("P・G・エディ<\n>「あんたがレベル10以上になってたら<\n>　仲間になってやるよ！")
[103][0,1]<0>()("ウルファールのレベルを取得し、セルフ変数1へ代入")
[210][5,0]<0>(500022,16777218,12,10,1100001)()
[103][0,1]<0>()("10以上になっていれば仲間になる")
[111][4,0]<0>(1,1100001,10,1)()
[401][1,0]<0>(1)()
[101][0,1]<1>()("ウルファールは、すでに自分が<\n>レベル\self[1]になっていることを告げた。")
[101][0,1]<1>()("P・G・エディ<\n>「おお、ならいいぞ！<\n>　嬢ちゃんについていこうじゃないか！")
[103][0,1]<1>()("エディを仲間にする")
[210][4,0]<1>(500005,2,0,13)()
[103][0,1]<1>()("セルフ変数0を 1 にする ")
[103][0,1]<1>()("（このページの表示条件を満たさなくなり、表示されなくなる）")
[121][4,0]<1>(1100000,1,0,0)()
[140][6,1]<1>(33554464,0,0,0,100,100)("SE/System_Get2_wolf.ogg")
[101][0,1]<1>()("P･G･エディが仲間になった！")
[103][0,1]<1>()("コック出現変数を 1 にする")
[121][4,0]<1>(2000000,1,0,0)()
[0][0,0]<1>()()
[499][0,0]<0>()()
[0][0,0]<0>()()
WoditorEvCOMMAND_END
--
[COMMAND_TEXT_START]
■文章:P・G・エディ\n「オレの名はP･G･エディ！\n　ブラジルからやってきたオッサンだ！
■文章:P・G・エディ\n「オレは強いヤツが大好きだ！
■文章:P・G・エディ\n「あんたがレベル10以上になってたら\n　仲間になってやるよ！
▼ ウルファールのレベルを取得し、セルフ変数1へ代入
■イベントの挿入： このEvのSelf1 = コモン22：[ ▲メンバー情報取得[数値] ] / 12:ウルファール / 10:レベル
▼ 10以上になっていれば仲間になる
■条件分岐(数値):  【1】 このEvのSelf1  が   10 以上 
-◇分岐： 【1】  [ このEvのSelf1  が  10 以上  ]の場合↓
 |■文章:ウルファールは、すでに自分が\nレベル\self[1]になっていることを告げた。
 |■文章:P・G・エディ\n「おお、ならいいぞ！\n　嬢ちゃんについていこうじゃないか！
 |▼ エディを仲間にする
 |■イベントの挿入： コモン5：[ ○メンバーの増減 ] / 0:仲間に加える / 13:P･G･エディ
 |▼ セルフ変数0を 1 にする 
 |▼ （このページの表示条件を満たさなくなり、表示されなくなる）
 |■変数操作: このEvのSelf0 = 1 + 0 
 |■サウンド：SE ﾌｧｲﾙ[SE/System_Get2_wolf.ogg] 音 100％ 周 100％ (0 ﾁｬﾝﾈﾙ) 再生 / 遅延：0ﾌﾚｰﾑ
 |■文章:P･G･エディが仲間になった！
 |▼ コック出現変数を 1 にする
 |■変数操作: V0[[サンプルゲーム]コック出現] = 1 + 0 
 |■
◇分岐終了◇
■
[COMMAND_TEXT_END]
-----
EVENT_ID=9
EVENT_NAME=コック(パン屋)
EVENT_X=18
EVENT_Y=10
EVENT_PAGE=1
OPTION_DATA_NUM=0
EVENT_PAGE_NUM=1
EVENT_PAGE=0
EVENT_TILE_ID=-1
GRAPHIC_FILENAME=CharaChip/Chara_Cook.png
EVENT_DIRECTION=2
EVENT_PATTERN=1
EVENT_OPACITY=255
EVENT_BLENDTYPE=0
EVENT_TRIGGER_TYPE=0
EVENT_CONDITION_0_USE=33
EVENT_CONDITION_TARGET_0=2000000
EVENT_CONDITION_VALUE_0=1
EVENT_CONDITION_1_USE=32
EVENT_CONDITION_TARGET_1=1000000
EVENT_CONDITION_VALUE_1=0
EVENT_CONDITION_2_USE=32
EVENT_CONDITION_TARGET_2=1000000
EVENT_CONDITION_VALUE_2=0
EVENT_CONDITION_3_USE=32
EVENT_CONDITION_TARGET_3=1000000
EVENT_CONDITION_VALUE_3=0
ANIME_SPEED=3
MOVE_SPEED=3
MOVE_FREQUENCY=3
MOVE_TYPE=0
CHARA_OPTION_FLAG=35
ROUTE_OPTION_FLAG=2
ROUTE_COMMAND_NUM=0
OPTION_VAL_NUM=3
OPTION_VAL_0=0
OPTION_VAL_1=0
OPTION_VAL_2=0
COMMAND_NUM=42
--
WoditorEvCOMMAND_START
[103][0,1]<0>()("―――――――――――――――――――――――――――")
[103][0,1]<0>()("このイベントは、通常変数V0 が1になっていないと")
[103][0,1]<0>()("表示されません（左の起動条件で設定されています）。")
[103][0,1]<0>()("―――――――――――――――――――――――――――")
[101][0,1]<0>()("「やあ、パンを焼こうと思ってるんだけど、<\n>　ちょっと食べていかないかい？")
[103][0,1]<0>()("まだ新コマンドを覚えてなかったら、文字列変数0番に文字を入れる。")
[103][0,1]<0>()("もし覚えてたら選択肢を空のままにする（その選択肢が出なくなる）")
[210][6,0]<0>(500026,16777219,12,-1,12,1100001)()
[111][7,0]<0>(2,1100001,0,2,1100001,1,1)()
[401][1,0]<0>(1)()
[103][0,1]<1>()("全体攻撃を覚えてない（0の場合）なら、")
[103][0,1]<1>()("「ここで食べます」の選択肢を表示")
[122][2,1]<1>(3000000,0)("ここで食べます（技を習得）")
[0][0,0]<1>()()
[401][1,0]<0>(2)()
[103][0,1]<1>()("覚えている(1以上）なら表示しない")
[103][0,1]<1>()("（文字列を空っぽにすると選択肢に表示されなくなります）")
[122][2,1]<1>(3000000,0)("")
[0][0,0]<1>()()
[499][0,0]<0>()()
[103][0,1]<0>()("選択肢表示")
[102][1,2]<0>(2)("\s[0]","お持ち帰りでお願いします")
[401][1,0]<0>(2)()
[103][0,1]<1>()("「ここで食べます」の場合")
[101][0,1]<1>()("「よーし、ちょっと待っててくれよ！")
[101][0,1]<1>()("ジュッ、シューゥゥゥ、ジュッジュッ")
[101][0,1]<1>()("「はい、一丁あがり！<\n>　これを食べれば新しいコマンドが使えるよ！")
[140][6,1]<1>(33554464,0,0,0,100,100)("SE/System_Get2_wolf.ogg")
[101][0,1]<1>()("ウルファールは「全体攻撃」を覚えた！<\n>HPを5使って敵全体に攻撃するコマンドだ！")
[103][0,1]<1>()("戦闘コマンドを習得")
[210][5,0]<1>(500013,3,12,-10,12)()
[0][0,0]<1>()()
[401][1,0]<0>(3)()
[103][0,1]<1>()("お店の処理")
[210][2,0]<1>(500033,0)()
[210][6,0]<1>(500034,4,1,17,-1,-1)()
[210][3,0]<1>(500035,1,2)()
[0][0,0]<1>()()
[421][1,0]<0>(0)()
[0][0,0]<1>()()
[499][0,0]<0>()()
[0][0,0]<0>()()
WoditorEvCOMMAND_END
--
[COMMAND_TEXT_START]
▼ ―――――――――――――――――――――――――――
▼ このイベントは、通常変数V0 が1になっていないと
▼ 表示されません（左の起動条件で設定されています）。
▼ ―――――――――――――――――――――――――――
■文章:「やあ、パンを焼こうと思ってるんだけど、\n　ちょっと食べていかないかい？
▼ まだ新コマンドを覚えてなかったら、文字列変数0番に文字を入れる。
▼ もし覚えてたら選択肢を空のままにする（その選択肢が出なくなる）
■イベントの挿入： このEvのSelf1 = コモン26：[ ▲戦闘コマンド有無の判定 ] / 12:ウルファール / -1:どこかに / 12:全体攻撃
■条件分岐(数値):  【1】 このEvのSelf1  が   0 と同じ  【2】 このEvのSelf1  が   1 以上 
-◇分岐： 【1】  [ このEvのSelf1  が  0 と同じ  ]の場合↓
 |▼ 全体攻撃を覚えてない（0の場合）なら、
 |▼ 「ここで食べます」の選択肢を表示
 |■文字列操作：S0[[サンプル]一時文字列] = "ここで食べます（技を習得）"
 |■
-◇分岐： 【2】  [ このEvのSelf1  が  1 以上  ]の場合↓
 |▼ 覚えている(1以上）なら表示しない
 |▼ （文字列を空っぽにすると選択肢に表示されなくなります）
 |■文字列操作：S0[[サンプル]一時文字列] = ""
 |■
◇分岐終了◇
▼ 選択肢表示
■文章選択肢:/ 【1】\s[0] / 【2】お持ち帰りでお願いします 
-◇選択肢：【1】 \s[0]                                    の場合↓
 |▼ 「ここで食べます」の場合
 |■文章:「よーし、ちょっと待っててくれよ！
 |■文章:ジュッ、シューゥゥゥ、ジュッジュッ
 |■文章:「はい、一丁あがり！\n　これを食べれば新しいコマンドが使えるよ！
 |■サウンド：SE ﾌｧｲﾙ[SE/System_Get2_wolf.ogg] 音 100％ 周 100％ (0 ﾁｬﾝﾈﾙ) 再生 / 遅延：0ﾌﾚｰﾑ
 |■文章:ウルファールは「全体攻撃」を覚えた！\nHPを5使って敵全体に攻撃するコマンドだ！
 |▼ 戦闘コマンドを習得
 |■イベントの挿入： コモン13：[ ○戦闘コマンドの変更 ] / 12:ウルファール / -10:空き欄（前方から） / 12:全体攻撃
 |■
-◇選択肢：【2】 お持ち帰りでお願いします                             の場合↓
 |▼ お店の処理
 |■イベントの挿入： コモン33：[ 【1】 お店 初期化 ]
 |■イベントの挿入： コモン34：[ 【2】 お店 商品の追加 ] / 1:ｱｲﾃﾑ[A] / 17:おいしいパン / -1:<なし> / -1:<なし>
 |■イベントの挿入： コモン35：[ 【3】 お店処理 実行 ] / 2:買いのみ
 |■
-◇キャンセルの場合
 |■
◇分岐終了◇
■
[COMMAND_TEXT_END]
-----
EVENT_ID=10
EVENT_NAME=コックの看板
EVENT_X=18
EVENT_Y=9
EVENT_PAGE=1
OPTION_DATA_NUM=0
EVENT_PAGE_NUM=1
EVENT_PAGE=0
EVENT_TILE_ID=659
GRAPHIC_FILENAME=
EVENT_DIRECTION=2
EVENT_PATTERN=1
EVENT_OPACITY=255
EVENT_BLENDTYPE=0
EVENT_TRIGGER_TYPE=0
EVENT_CONDITION_0_USE=32
EVENT_CONDITION_TARGET_0=1000000
EVENT_CONDITION_VALUE_0=0
EVENT_CONDITION_1_USE=32
EVENT_CONDITION_TARGET_1=1000000
EVENT_CONDITION_VALUE_1=0
EVENT_CONDITION_2_USE=32
EVENT_CONDITION_TARGET_2=1000000
EVENT_CONDITION_VALUE_2=0
EVENT_CONDITION_3_USE=32
EVENT_CONDITION_TARGET_3=1000000
EVENT_CONDITION_VALUE_3=0
ANIME_SPEED=3
MOVE_SPEED=3
MOVE_FREQUENCY=3
MOVE_TYPE=0
CHARA_OPTION_FLAG=99
ROUTE_OPTION_FLAG=2
ROUTE_COMMAND_NUM=0
OPTION_VAL_NUM=3
OPTION_VAL_0=0
OPTION_VAL_1=0
OPTION_VAL_2=0
COMMAND_NUM=11
--
WoditorEvCOMMAND_START
[103][0,1]<0>()("エディを仲間にしたとき、V0が1になります。")
[103][0,1]<0>()("1 になっていると、この看板のメッセージが変化します。")
[111][7,0]<0>(2,2000000,0,2,2000000,1,2)()
[401][1,0]<0>(1)()
[101][0,1]<1>()("「ニワトリも喜ぶパン屋さん」<\n>　ただいま準備中です。")
[0][0,0]<1>()()
[401][1,0]<0>(2)()
[101][0,1]<1>()("「ニワトリも喜ぶパン屋さん」<\n>　ただいま開店中です！<\n> 　どんどん買ってね！")
[0][0,0]<1>()()
[499][0,0]<0>()()
[0][0,0]<0>()()
WoditorEvCOMMAND_END
--
[COMMAND_TEXT_START]
▼ エディを仲間にしたとき、V0が1になります。
▼ 1 になっていると、この看板のメッセージが変化します。
■条件分岐(数値):  【1】 V0[[サンプルゲーム]コック出現]  が   0 と同じ  【2】 V0[[サンプルゲーム]コック出現]  が   1 と同じ 
-◇分岐： 【1】  [ V0[[サンプルゲーム]コック出現]  が  0 と同じ  ]の場合↓
 |■文章:「ニワトリも喜ぶパン屋さん」\n　ただいま準備中です。
 |■
-◇分岐： 【2】  [ V0[[サンプルゲーム]コック出現]  が  1 と同じ  ]の場合↓
 |■文章:「ニワトリも喜ぶパン屋さん」\n　ただいま開店中です！\n 　どんどん買ってね！
 |■
◇分岐終了◇
■
[COMMAND_TEXT_END]
-----
EVENT_ID=11
EVENT_NAME=メニューの男
EVENT_X=20
EVENT_Y=18
EVENT_PAGE=1
OPTION_DATA_NUM=0
EVENT_PAGE_NUM=1
EVENT_PAGE=0
EVENT_TILE_ID=-1
GRAPHIC_FILENAME=CharaChip/Chara_Thief1_USM.png
EVENT_DIRECTION=2
EVENT_PATTERN=1
EVENT_OPACITY=255
EVENT_BLENDTYPE=0
EVENT_TRIGGER_TYPE=0
EVENT_CONDITION_0_USE=32
EVENT_CONDITION_TARGET_0=1000000
EVENT_CONDITION_VALUE_0=0
EVENT_CONDITION_1_USE=32
EVENT_CONDITION_TARGET_1=1000000
EVENT_CONDITION_VALUE_1=0
EVENT_CONDITION_2_USE=32
EVENT_CONDITION_TARGET_2=1000000
EVENT_CONDITION_VALUE_2=0
EVENT_CONDITION_3_USE=32
EVENT_CONDITION_TARGET_3=1000000
EVENT_CONDITION_VALUE_3=0
ANIME_SPEED=3
MOVE_SPEED=3
MOVE_FREQUENCY=0
MOVE_TYPE=1
CHARA_OPTION_FLAG=35
ROUTE_OPTION_FLAG=3
ROUTE_COMMAND_NUM=1
[ROUTE_COMMAND_0]1
ROUTE_COMMAND_CODE=26
VAL_NUM=0
STR=
OPTION_VAL_NUM=3
OPTION_VAL_0=0
OPTION_VAL_1=0
OPTION_VAL_2=0
COMMAND_NUM=4
--
WoditorEvCOMMAND_START
[101][0,1]<0>()("「このサンプルにも使われている<\n>　『基本システム』では、<\n>　メニューの項目を自分で<\n>　設定することもできるんだ！")
[101][0,1]<0>()("「メニューから装備欄や特殊技能欄をなくしたり、<\n>　セーブ欄だけ5つにしたりもできるよ！<\n>（意味ないけど）")
[101][0,1]<0>()("「詳しくは、ユーザーデータベースの<\n>　17番を見てみてね。")
[0][0,0]<0>()()
WoditorEvCOMMAND_END
--
[COMMAND_TEXT_START]
■文章:「このサンプルにも使われている\n　『基本システム』では、\n　メニューの項目を自分で\n　設定することもできるんだ！
■文章:「メニューから装備欄や特殊技能欄をなくしたり、\n　セーブ欄だけ5つにしたりもできるよ！\n（意味ないけど）
■文章:「詳しくは、ユーザーデータベースの\n　17番を見てみてね。
■
[COMMAND_TEXT_END]
-----
EVENT_ID=12
EVENT_NAME=宝箱
EVENT_X=7
EVENT_Y=15
EVENT_PAGE=2
OPTION_DATA_NUM=0
EVENT_PAGE_NUM=2
EVENT_PAGE=0
EVENT_TILE_ID=863
GRAPHIC_FILENAME=
EVENT_DIRECTION=2
EVENT_PATTERN=1
EVENT_OPACITY=255
EVENT_BLENDTYPE=0
EVENT_TRIGGER_TYPE=0
EVENT_CONDITION_0_USE=32
EVENT_CONDITION_TARGET_0=1000000
EVENT_CONDITION_VALUE_0=0
EVENT_CONDITION_1_USE=32
EVENT_CONDITION_TARGET_1=1000000
EVENT_CONDITION_VALUE_1=0
EVENT_CONDITION_2_USE=32
EVENT_CONDITION_TARGET_2=1000000
EVENT_CONDITION_VALUE_2=0
EVENT_CONDITION_3_USE=32
EVENT_CONDITION_TARGET_3=1000000
EVENT_CONDITION_VALUE_3=0
ANIME_SPEED=3
MOVE_SPEED=3
MOVE_FREQUENCY=3
MOVE_TYPE=0
CHARA_OPTION_FLAG=36
ROUTE_OPTION_FLAG=2
ROUTE_COMMAND_NUM=0
OPTION_VAL_NUM=3
OPTION_VAL_0=0
OPTION_VAL_1=0
OPTION_VAL_2=0
COMMAND_NUM=7
--
WoditorEvCOMMAND_START
[103][0,1]<0>()("セルフ変数0　を　1　にすると、ページ2が起動して画像が変わります。")
[121][4,0]<0>(1100000,1,0,0)()
[103][0,1]<0>()("開いた宝箱になったら、ここでアイテム入手処理を作り、メッセージを表示")
[140][6,1]<0>(33554464,0,0,0,100,100)("SE/System_Get2_wolf.ogg")
[210][5,0]<0>(500000,3,19,1,0)()
[101][0,1]<0>()("宝箱には「ダンジョンのカギ」が入っていた！")
[0][0,0]<0>()()
WoditorEvCOMMAND_END
--
[COMMAND_TEXT_START]
▼ セルフ変数0　を　1　にすると、ページ2が起動して画像が変わります。
■変数操作: このEvのSelf0 = 1 + 0 
▼ 開いた宝箱になったら、ここでアイテム入手処理を作り、メッセージを表示
■サウンド：SE ﾌｧｲﾙ[SE/System_Get2_wolf.ogg] 音 100％ 周 100％ (0 ﾁｬﾝﾈﾙ) 再生 / 遅延：0ﾌﾚｰﾑ
■イベントの挿入： コモン0：[ ○アイテム増減 ] / 19:ダンジョンのカギ / 1 / 0:なし
■文章:宝箱には「ダンジョンのカギ」が入っていた！
■
[COMMAND_TEXT_END]
EVENT_PAGE=1
EVENT_TILE_ID=871
GRAPHIC_FILENAME=
EVENT_DIRECTION=2
EVENT_PATTERN=1
EVENT_OPACITY=255
EVENT_BLENDTYPE=0
EVENT_TRIGGER_TYPE=0
EVENT_CONDITION_0_USE=33
EVENT_CONDITION_TARGET_0=1000000
EVENT_CONDITION_VALUE_0=1
EVENT_CONDITION_1_USE=32
EVENT_CONDITION_TARGET_1=1000000
EVENT_CONDITION_VALUE_1=0
EVENT_CONDITION_2_USE=32
EVENT_CONDITION_TARGET_2=1000000
EVENT_CONDITION_VALUE_2=0
EVENT_CONDITION_3_USE=32
EVENT_CONDITION_TARGET_3=1000000
EVENT_CONDITION_VALUE_3=0
ANIME_SPEED=3
MOVE_SPEED=3
MOVE_FREQUENCY=3
MOVE_TYPE=0
CHARA_OPTION_FLAG=36
ROUTE_OPTION_FLAG=2
ROUTE_COMMAND_NUM=0
OPTION_VAL_NUM=3
OPTION_VAL_0=0
OPTION_VAL_1=0
OPTION_VAL_2=0
COMMAND_NUM=1
--
WoditorEvCOMMAND_START
[0][0,0]<0>()()
WoditorEvCOMMAND_END
--
[COMMAND_TEXT_START]
■
[COMMAND_TEXT_END]
-----
EVENT_ID=13
EVENT_NAME=街の出口（エンド）
EVENT_X=15
EVENT_Y=29
EVENT_PAGE=1
OPTION_DATA_NUM=0
EVENT_PAGE_NUM=1
EVENT_PAGE=0
EVENT_TILE_ID=-1
GRAPHIC_FILENAME=
EVENT_DIRECTION=2
EVENT_PATTERN=1
EVENT_OPACITY=255
EVENT_BLENDTYPE=0
EVENT_TRIGGER_TYPE=3
EVENT_CONDITION_0_USE=32
EVENT_CONDITION_TARGET_0=1000000
EVENT_CONDITION_VALUE_0=0
EVENT_CONDITION_1_USE=32
EVENT_CONDITION_TARGET_1=1000000
EVENT_CONDITION_VALUE_1=0
EVENT_CONDITION_2_USE=32
EVENT_CONDITION_TARGET_2=1000000
EVENT_CONDITION_VALUE_2=0
EVENT_CONDITION_3_USE=32
EVENT_CONDITION_TARGET_3=1000000
EVENT_CONDITION_VALUE_3=0
ANIME_SPEED=3
MOVE_SPEED=3
MOVE_FREQUENCY=3
MOVE_TYPE=0
CHARA_OPTION_FLAG=3
ROUTE_OPTION_FLAG=2
ROUTE_COMMAND_NUM=0
OPTION_VAL_NUM=3
OPTION_VAL_0=0
OPTION_VAL_1=2
OPTION_VAL_2=0
COMMAND_NUM=56
--
WoditorEvCOMMAND_START
[103][0,1]<0>()("アイテム「WOLF RPGエディター」を持っているかどうかチェック")
[210][4,0]<0>(500017,16777217,20,1100001)()
[103][0,1]<0>()("コモン17の判定結果はSelf1に入っています。なければ0に、あれば1以上になります")
[111][7,0]<0>(2,1100001,0,2,1100001,1,1)()
[401][1,0]<0>(1)()
[101][0,1]<1>()("帰るにはまだちょっと早い。")
[0][0,0]<1>()()
[401][1,0]<0>(2)()
[101][0,1]<1>()("夕一<\n>「ねーねー、帰ったらそのWOLF RPGエディターで<\n>　何か作ってみようよ！")
[101][0,1]<1>()("P･G･エディ<\n>「そうだな！そろそろ帰ろうぜ！")
[102][1,2]<1>(50)("帰る（エンド）","まだ帰らない")
[401][1,0]<1>(2)()
[101][0,1]<2>()("ウルファール<\n>「画面の前のあなたも、<\n>　ここまで遊んでくれて<\n>　どうもありがとう！")
[101][0,1]<2>()("ウルファール<\n>「これをプレイしてみて、ちょっとだけでも<\n>　WOLF RPGエディターをいじってみようって<\n>　思ってくれたらうれしいな！")
[101][0,1]<2>()("ウルファール<\n>「それでは、またお会いしましょう！<\n>　楽しいゲーム開発ライフを送ってくださいね！")
[140][4,0]<2>(16776960,10,0,0)()
[151][2,0]<2>(3284510,40)()
[180][1,0]<2>(30)()
[103][0,1]<2>()("ここからスタッフロール開始")
[140][4,0]<2>(256,10,0,0)()
[150][11,1]<2>(4128,1,0,1,1,1,255,160,1020,100,0)("<C>サンプルゲーム　スタッフ<\n>　<\n>　<\n>企画・制作<\n>\m[18]\c[3]SmokingWOLF\c[0]<\n>\m[50]　<\n>マップチップ<\n>\m[18]\c[3]ぴぽ\c[0]<\n>\m[50]　<\n>キャラグラフィック<\n>\m[18]\c[3]すう\c[0]<\n>\c[3]pochi\c[0]<\n>\c[3]ウディタ基本素材企画\c[0]<\n>\m[50]　<\n>敵グラフィック<\n>\m[18]\c[3]ＧＤ<\n>\m[18]　<\n>\m[18]　\c[0]<\n>\m[50]　<\n>エフェクト<\n>\m[18]\c[3]panop\c[0]<\n>\m[18]\c[3]Akira\c[0]<\n>\m[50]　<\n>アイコン素材<\n>\m[18]\c[3]枯れ草\c[0]<\n>\m[50]<\n>効果音<\n>\m[18]\c[3]panop\c[0]<\n>\m[18]\c[3]小森平\c[0]<\n>\m[18]\c[3]Koya\c[0]<\n>\m[18]\c[3]いそおき\c[0]<\n>\m[18]\c[3]くくり\c[0]<\n>\m[50]<\n>BGM<\n>\m[18]\c[3]タクミ\c[0]<\n>\m[18]\c[3]ユノ\c[0]<\n>\m[18]\c[3]鏡読み\c[0]<\n>\m[18]\c[3]Koya\c[0]<\n>\m[18]\c[3]yaeko\c[0]<\n>\m[18]\c[3]黒うさぎ\c[0]<\n>\m[18]\c[3]土鳩\c[0]<\n>\m[18]\c[3]momi\c[0]<\n><\n>\m[50]<\n>スペシャルサンクス<\n>\m[18]\c[3]デバッグにご協力くださった<\n>全ての方々\c[0]<\n>　<\n>　<\n> \c[3]プレイしてくださったあなた\c[0]<\n><\n><\n><\n><\n><\n><\n>\f[12]Thank you for Playing !<\n><\n><\n>　<\n><\n><\n><\n><\n><\n><\n>\f[18]お　し　ま　い")
[121][4,0]<2>(1100000,0,0,0)()
[170][0,0]<2>()()
[180][1,0]<3>(4)()
[103][0,1]<3>()("4フレームごとに1ピクセルずつピクチャが動いていく処理")
[123][2,0]<3>(1100001,48)()
[111][7,0]<3>(2,1100001,0,2,1100001,10,1)()
[401][1,0]<3>(1)()
[103][0,1]<4>()("決定もキャンセルも押されてないとき（キー入力が0のとき）")
[121][4,0]<4>(1100000,1,0,256)()
[150][11,0]<4>(65537,1,4,0,0,1,255,0,-1,100,0)()
[0][0,0]<4>()()
[401][1,0]<3>(2)()
[103][0,1]<4>()("決定キー（１０）かキャンセルキー（１１）押されてたら高速でピクチャを動かす")
[121][4,0]<4>(1100000,16,0,256)()
[150][11,0]<4>(65537,1,4,0,0,1,255,0,-16,100,0)()
[0][0,0]<4>()()
[499][0,0]<3>()()
[103][0,1]<3>()("1640ピクセル動いたら終了（スタッフロールの長さ分）")
[111][4,0]<3>(1,1100000,1640,1)()
[401][1,0]<3>(1)()
[171][0,0]<4>()()
[0][0,0]<4>()()
[499][0,0]<3>()()
[0][0,0]<3>()()
[498][0,0]<2>()()
[151][2,0]<2>(0,10)()
[180][1,0]<2>(32)()
[174][0,0]<2>()()
[0][0,0]<2>()()
[401][1,0]<1>(3)()
[0][0,0]<2>()()
[499][0,0]<1>()()
[0][0,0]<1>()()
[499][0,0]<0>()()
[0][0,0]<0>()()
WoditorEvCOMMAND_END
--
[COMMAND_TEXT_START]
▼ アイテム「WOLF RPGエディター」を持っているかどうかチェック
■イベントの挿入： このEvのSelf1 = コモン17：[ ▲アイテム所持数取得 ] / 20:WOLF RPGエディター
▼ コモン17の判定結果はSelf1に入っています。なければ0に、あれば1以上になります
■条件分岐(数値):  【1】 このEvのSelf1  が   0 と同じ  【2】 このEvのSelf1  が   1 以上 
-◇分岐： 【1】  [ このEvのSelf1  が  0 と同じ  ]の場合↓
 |■文章:帰るにはまだちょっと早い。
 |■
-◇分岐： 【2】  [ このEvのSelf1  が  1 以上  ]の場合↓
 |■文章:夕一\n「ねーねー、帰ったらそのWOLF RPGエディターで\n　何か作ってみようよ！
 |■文章:P･G･エディ\n「そうだな！そろそろ帰ろうぜ！
 |■文章選択肢:/ 【1】帰る（エンド） / 【2】まだ帰らない 
 |-◇選択肢：【1】 帰る（エンド）                                  の場合↓
 | |■文章:ウルファール\n「画面の前のあなたも、\n　ここまで遊んでくれて\n　どうもありがとう！
 | |■文章:ウルファール\n「これをプレイしてみて、ちょっとだけでも\n　WOLF RPGエディターをいじってみようって\n　思ってくれたらうれしいな！
 | |■文章:ウルファール\n「それでは、またお会いしましょう！\n　楽しいゲーム開発ライフを送ってくださいね！
 | |■サウンド：BGM 停止  / 処理時間:10ﾌﾚｰﾑ
 | |■色調変更： R30 G30 B50 / 40ﾌﾚｰﾑ
 | |■ウェイト：30 フレーム
 | |▼ ここからスタッフロール開始
 | |■サウンド：BGM1「スタッフロール」再生 / 処理時間:10ﾌﾚｰﾑ
 | |■ﾋﾟｸﾁｬ表示：1 [中心]文字列[<C>サンプルゲーム　スタッフ\n] X:160 Y:1020 / 0(0)ﾌﾚｰﾑ  / ﾊﾟﾀｰﾝ 1 / 透 255 / 通常  / 角 0 / 拡 100％ / ｶﾗｰ R[100] G[100] B[100]
 | |■変数操作: このEvのSelf0 = 0 + 0 
 | |■ループ開始
 | | |■ウェイト：4 フレーム
 | | |▼ 4フレームごとに1ピクセルずつピクチャが動いていく処理
 | | |■キー入力：このEvのｾﾙﾌ変数1 /  [通常入力]  決定(10) ｷｬﾝｾﾙ(11)
 | | |■条件分岐(数値):  【1】 このEvのSelf1  が   0 と同じ  【2】 このEvのSelf1  が   10 以上 
 | | |-◇分岐： 【1】  [ このEvのSelf1  が  0 と同じ  ]の場合↓
 | | | |▼ 決定もキャンセルも押されてないとき（キー入力が0のとき）
 | | | |■変数操作: このEvのSelf0 += 1 + 0 
 | | | |■ﾋﾟｸﾁｬ移動：1 相対X:0 Y:-1 / 4(0)ﾌﾚｰﾑ  / ﾊﾟﾀｰﾝ 1 / 透 255 / 通常  / 角 0 / 拡 100％ / ｶﾗｰ R[100] G[100] B[100]
 | | | |■
 | | |-◇分岐： 【2】  [ このEvのSelf1  が  10 以上  ]の場合↓
 | | | |▼ 決定キー（１０）かキャンセルキー（１１）押されてたら高速でピクチャを動かす
 | | | |■変数操作: このEvのSelf0 += 16 + 0 
 | | | |■ﾋﾟｸﾁｬ移動：1 相対X:0 Y:-16 / 4(0)ﾌﾚｰﾑ  / ﾊﾟﾀｰﾝ 1 / 透 255 / 通常  / 角 0 / 拡 100％ / ｶﾗｰ R[100] G[100] B[100]
 | | | |■
 | | |◇分岐終了◇
 | | |▼ 1640ピクセル動いたら終了（スタッフロールの長さ分）
 | | |■条件分岐(数値):  【1】 このEvのSelf0  が   1640 以上 
 | | |-◇分岐： 【1】  [ このEvのSelf0  が  1640 以上  ]の場合↓
 | | | |■ループ中断
 | | | |■
 | | |◇分岐終了◇
 | | |■
 | |◇ループここまで◇◇
 | |■色調変更： R0 G0 B0 / 10ﾌﾚｰﾑ
 | |■ウェイト：32 フレーム
 | |■タイトル画面へ戻る
 | |■
 |-◇選択肢：【2】 まだ帰らない                                   の場合↓
 | |■
 |◇分岐終了◇
 |■
◇分岐終了◇
■
[COMMAND_TEXT_END]
-----
EVENT_ID=14
EVENT_NAME=エフェクト女
EVENT_X=19
EVENT_Y=23
EVENT_PAGE=1
OPTION_DATA_NUM=0
EVENT_PAGE_NUM=1
EVENT_PAGE=0
EVENT_TILE_ID=-1
GRAPHIC_FILENAME=CharaChip/Chara_Girl1_USM.png
EVENT_DIRECTION=1
EVENT_PATTERN=1
EVENT_OPACITY=255
EVENT_BLENDTYPE=0
EVENT_TRIGGER_TYPE=0
EVENT_CONDITION_0_USE=32
EVENT_CONDITION_TARGET_0=1000000
EVENT_CONDITION_VALUE_0=0
EVENT_CONDITION_1_USE=32
EVENT_CONDITION_TARGET_1=1000000
EVENT_CONDITION_VALUE_1=0
EVENT_CONDITION_2_USE=32
EVENT_CONDITION_TARGET_2=1000000
EVENT_CONDITION_VALUE_2=0
EVENT_CONDITION_3_USE=32
EVENT_CONDITION_TARGET_3=1000000
EVENT_CONDITION_VALUE_3=0
ANIME_SPEED=3
MOVE_SPEED=3
MOVE_FREQUENCY=3
MOVE_TYPE=0
CHARA_OPTION_FLAG=35
ROUTE_OPTION_FLAG=2
ROUTE_COMMAND_NUM=0
OPTION_VAL_NUM=3
OPTION_VAL_0=0
OPTION_VAL_1=0
OPTION_VAL_2=0
COMMAND_NUM=22
--
WoditorEvCOMMAND_START
[101][0,1]<0>()("「こんにちは！<\n>　何かやってみましょうか？")
[102][1,5]<0>(5)("光ってみて","震えてみて","ズームしてみて","ズーム解除して","シェイクして")
[401][1,0]<0>(2)()
[180][1,0]<1>(5)()
[290][7,0]<1>(1,40,-1,0,100,100,100)()
[0][0,0]<1>()()
[401][1,0]<0>(3)()
[290][7,0]<1>(17,1,-1,0,2,0,100)()
[0][0,0]<1>()()
[401][1,0]<0>(4)()
[290][7,0]<1>(2,10,0,0,160,120,200)()
[0][0,0]<1>()()
[401][1,0]<0>(5)()
[290][7,0]<1>(2,10,0,0,160,120,100)()
[0][0,0]<1>()()
[401][1,0]<0>(6)()
[280][2,0]<1>(68,30)()
[0][0,0]<1>()()
[421][1,0]<0>(0)()
[0][0,0]<1>()()
[499][0,0]<0>()()
[0][0,0]<0>()()
WoditorEvCOMMAND_END
--
[COMMAND_TEXT_START]
■文章:「こんにちは！\n　何かやってみましょうか？
■文章選択肢:/ 【1】光ってみて / 【2】震えてみて / 【3】ズームしてみて / 【4】ズーム解除して / 【5】シェイクして 
-◇選択肢：【1】 光ってみて                                    の場合↓
 |■ウェイト：5 フレーム
 |■キャラエフェクト：このイベント[フラッシュ] R100/G100/B100  [40]ﾌﾚｰﾑ
 |■
-◇選択肢：【2】 震えてみて                                    の場合↓
 |■キャラエフェクト：このイベント[シェイク] Xｼｪｲｸ 2 / Yｼｪｲｸ 0 / 100回  [1]ﾌﾚｰﾑ
 |■
-◇選択肢：【3】 ズームしてみて                                  の場合↓
 |■マップエフェクト：[ズーム] 中心X 160 / 中心Y 120 / 200％  [10]ﾌﾚｰﾑ
 |■
-◇選択肢：【4】 ズーム解除して                                  の場合↓
 |■マップエフェクト：[ズーム] 中心X 160 / 中心Y 120 / 100％  [10]ﾌﾚｰﾑ
 |■
-◇選択肢：【5】 シェイクして                                   の場合↓
 |■マップエフェクト：[シェイク] 強さ5 速度5 縦揺れ [30]ﾌﾚｰﾑ
 |■
-◇キャンセルの場合
 |■
◇分岐終了◇
■
[COMMAND_TEXT_END]
-----
EVENT_ID=15
EVENT_NAME=リンゴ
EVENT_X=31
EVENT_Y=17
EVENT_PAGE=1
OPTION_DATA_NUM=0
EVENT_PAGE_NUM=1
EVENT_PAGE=0
EVENT_TILE_ID=981
GRAPHIC_FILENAME=
EVENT_DIRECTION=8
EVENT_PATTERN=0
EVENT_OPACITY=255
EVENT_BLENDTYPE=0
EVENT_TRIGGER_TYPE=0
EVENT_CONDITION_0_USE=32
EVENT_CONDITION_TARGET_0=1000000
EVENT_CONDITION_VALUE_0=0
EVENT_CONDITION_1_USE=32
EVENT_CONDITION_TARGET_1=1000000
EVENT_CONDITION_VALUE_1=0
EVENT_CONDITION_2_USE=32
EVENT_CONDITION_TARGET_2=1000000
EVENT_CONDITION_VALUE_2=0
EVENT_CONDITION_3_USE=32
EVENT_CONDITION_TARGET_3=1000000
EVENT_CONDITION_VALUE_3=0
ANIME_SPEED=3
MOVE_SPEED=3
MOVE_FREQUENCY=3
MOVE_TYPE=0
CHARA_OPTION_FLAG=36
ROUTE_OPTION_FLAG=2
ROUTE_COMMAND_NUM=0
OPTION_VAL_NUM=3
OPTION_VAL_0=1
OPTION_VAL_1=0
OPTION_VAL_2=0
COMMAND_NUM=2
--
WoditorEvCOMMAND_START
[101][0,1]<0>()("ウルファール<\n>「リンゴね。<\n>　真っ赤でツルツルでおいしそう……。")
[0][0,0]<0>()()
WoditorEvCOMMAND_END
--
[COMMAND_TEXT_START]
■文章:ウルファール\n「リンゴね。\n　真っ赤でツルツルでおいしそう……。
■
[COMMAND_TEXT_END]
-----
EVENT_ID=16
EVENT_NAME=ベッド
EVENT_X=37
EVENT_Y=18
EVENT_PAGE=1
OPTION_DATA_NUM=0
EVENT_PAGE_NUM=1
EVENT_PAGE=0
EVENT_TILE_ID=-1
GRAPHIC_FILENAME=
EVENT_DIRECTION=2
EVENT_PATTERN=1
EVENT_OPACITY=255
EVENT_BLENDTYPE=0
EVENT_TRIGGER_TYPE=3
EVENT_CONDITION_0_USE=32
EVENT_CONDITION_TARGET_0=1000000
EVENT_CONDITION_VALUE_0=0
EVENT_CONDITION_1_USE=32
EVENT_CONDITION_TARGET_1=1000000
EVENT_CONDITION_VALUE_1=0
EVENT_CONDITION_2_USE=32
EVENT_CONDITION_TARGET_2=1000000
EVENT_CONDITION_VALUE_2=0
EVENT_CONDITION_3_USE=32
EVENT_CONDITION_TARGET_3=1000000
EVENT_CONDITION_VALUE_3=0
ANIME_SPEED=3
MOVE_SPEED=3
MOVE_FREQUENCY=3
MOVE_TYPE=0
CHARA_OPTION_FLAG=99
ROUTE_OPTION_FLAG=2
ROUTE_COMMAND_NUM=0
OPTION_VAL_NUM=3
OPTION_VAL_0=0
OPTION_VAL_1=0
OPTION_VAL_2=0
COMMAND_NUM=2
--
WoditorEvCOMMAND_START
[101][0,1]<0>()("ウルファール<\n>（ベッドがまだ生暖かい！どうしよう！）")
[0][0,0]<0>()()
WoditorEvCOMMAND_END
--
[COMMAND_TEXT_START]
■文章:ウルファール\n（ベッドがまだ生暖かい！どうしよう！）
■
[COMMAND_TEXT_END]
-----
EVENT_ID=17
EVENT_NAME=たる
EVENT_X=31
EVENT_Y=24
EVENT_PAGE=1
OPTION_DATA_NUM=0
EVENT_PAGE_NUM=1
EVENT_PAGE=0
EVENT_TILE_ID=-1
GRAPHIC_FILENAME=
EVENT_DIRECTION=2
EVENT_PATTERN=1
EVENT_OPACITY=255
EVENT_BLENDTYPE=0
EVENT_TRIGGER_TYPE=0
EVENT_CONDITION_0_USE=32
EVENT_CONDITION_TARGET_0=1000000
EVENT_CONDITION_VALUE_0=0
EVENT_CONDITION_1_USE=32
EVENT_CONDITION_TARGET_1=1000000
EVENT_CONDITION_VALUE_1=0
EVENT_CONDITION_2_USE=32
EVENT_CONDITION_TARGET_2=1000000
EVENT_CONDITION_VALUE_2=0
EVENT_CONDITION_3_USE=32
EVENT_CONDITION_TARGET_3=1000000
EVENT_CONDITION_VALUE_3=0
ANIME_SPEED=3
MOVE_SPEED=3
MOVE_FREQUENCY=3
MOVE_TYPE=0
CHARA_OPTION_FLAG=35
ROUTE_OPTION_FLAG=2
ROUTE_COMMAND_NUM=0
OPTION_VAL_NUM=3
OPTION_VAL_0=0
OPTION_VAL_1=0
OPTION_VAL_2=0
COMMAND_NUM=2
--
WoditorEvCOMMAND_START
[101][0,1]<0>()("ウルファール<\n>「たる。")
[0][0,0]<0>()()
WoditorEvCOMMAND_END
--
[COMMAND_TEXT_START]
■文章:ウルファール\n「たる。
■
[COMMAND_TEXT_END]
-----
EVENT_ID=18
EVENT_NAME=宿の猫
EVENT_X=34
EVENT_Y=19
EVENT_PAGE=1
OPTION_DATA_NUM=0
EVENT_PAGE_NUM=1
EVENT_PAGE=0
EVENT_TILE_ID=-1
GRAPHIC_FILENAME=CharaChip/Animal_Cat_pochi.png
EVENT_DIRECTION=7
EVENT_PATTERN=0
EVENT_OPACITY=255
EVENT_BLENDTYPE=0
EVENT_TRIGGER_TYPE=0
EVENT_CONDITION_0_USE=32
EVENT_CONDITION_TARGET_0=1000000
EVENT_CONDITION_VALUE_0=0
EVENT_CONDITION_1_USE=32
EVENT_CONDITION_TARGET_1=1000000
EVENT_CONDITION_VALUE_1=0
EVENT_CONDITION_2_USE=32
EVENT_CONDITION_TARGET_2=1000000
EVENT_CONDITION_VALUE_2=0
EVENT_CONDITION_3_USE=32
EVENT_CONDITION_TARGET_3=1000000
EVENT_CONDITION_VALUE_3=0
ANIME_SPEED=1
MOVE_SPEED=3
MOVE_FREQUENCY=0
MOVE_TYPE=0
CHARA_OPTION_FLAG=35
ROUTE_OPTION_FLAG=3
ROUTE_COMMAND_NUM=1
[ROUTE_COMMAND_0]1
ROUTE_COMMAND_CODE=26
VAL_NUM=0
STR=
OPTION_VAL_NUM=3
OPTION_VAL_0=0
OPTION_VAL_1=0
OPTION_VAL_2=0
COMMAND_NUM=3
--
WoditorEvCOMMAND_START
[101][0,1]<0>()("「グラフィック合成器って知ってる？<\n>　好きなパーツを組み合わせて、<\n>　色んなキャラクター画像を作れるツールだよ！")
[101][0,1]<0>()("「『データ集』って名前のフォルダに<\n>　入ってると思うから、見てみてね！")
[0][0,0]<0>()()
WoditorEvCOMMAND_END
--
[COMMAND_TEXT_START]
■文章:「グラフィック合成器って知ってる？\n　好きなパーツを組み合わせて、\n　色んなキャラクター画像を作れるツールだよ！
■文章:「『データ集』って名前のフォルダに\n　入ってると思うから、見てみてね！
■
[COMMAND_TEXT_END]
-----
EVENT_ID=19
EVENT_NAME=タイガ
EVENT_X=11
EVENT_Y=20
EVENT_PAGE=1
OPTION_DATA_NUM=0
EVENT_PAGE_NUM=1
EVENT_PAGE=0
EVENT_TILE_ID=-1
GRAPHIC_FILENAME=CharaChip/Special_Tiga.png
EVENT_DIRECTION=3
EVENT_PATTERN=1
EVENT_OPACITY=255
EVENT_BLENDTYPE=0
EVENT_TRIGGER_TYPE=0
EVENT_CONDITION_0_USE=32
EVENT_CONDITION_TARGET_0=1000000
EVENT_CONDITION_VALUE_0=0
EVENT_CONDITION_1_USE=32
EVENT_CONDITION_TARGET_1=1000000
EVENT_CONDITION_VALUE_1=0
EVENT_CONDITION_2_USE=32
EVENT_CONDITION_TARGET_2=1000000
EVENT_CONDITION_VALUE_2=0
EVENT_CONDITION_3_USE=32
EVENT_CONDITION_TARGET_3=1000000
EVENT_CONDITION_VALUE_3=0
ANIME_SPEED=3
MOVE_SPEED=3
MOVE_FREQUENCY=0
MOVE_TYPE=1
CHARA_OPTION_FLAG=35
ROUTE_OPTION_FLAG=3
ROUTE_COMMAND_NUM=1
[ROUTE_COMMAND_0]1
ROUTE_COMMAND_CODE=26
VAL_NUM=0
STR=
OPTION_VAL_NUM=3
OPTION_VAL_0=0
OPTION_VAL_1=0
OPTION_VAL_2=0
COMMAND_NUM=218
--
WoditorEvCOMMAND_START
[103][0,1]<0>()("ピクセル移動中かのSelf0変数を見て選択肢の文字列を切り替えます")
[111][7,0]<0>(2,1100000,0,2,1100000,1,2)()
[401][1,0]<0>(1)()
[103][0,1]<1>()("Self0が0ならまだピクセル移動してないのでONする選択肢")
[122][3,1]<1>(3000000,0,0)("ピクセル移動を試したい！")
[0][0,0]<1>()()
[401][1,0]<0>(2)()
[103][0,1]<1>()("Self0が1ならピクセル移動中なのでOFFする選択肢")
[122][3,1]<1>(3000000,0,0)("ピクセル移動をやめたい")
[0][0,0]<1>()()
[499][0,0]<0>()()
[101][0,1]<0>()("「あなたのライバル、トラ娘のタイガちゃんよ！<\n>　バージョン3の新機能を紹介しちゃうんだから！")
[180][1,0]<0>(1)()
[102][1,7]<0>(7)("\s[0]","ピクセル移動処理ってどう作られてるの？","ユニコード対応されたって聞いたけど？","変換エフェクトで色変えができるって！？","画面をピクチャとして取れるって！？","マスク処理のカットインを見たい！","マスクを使ったカットインの解説をお願い")
[401][1,0]<0>(2)()
[111][7,0]<1>(2,1100000,0,2,1100000,1,2)()
[401][1,0]<1>(1)()
[103][0,1]<2>()("Self0が0ならこれからピクセル移動開始")
[101][0,1]<2>()("「オッケー！　マス目単位じゃなくて<\n>　ピクセル単位で移動するモードを<\n>　オンにするわよ！")
[103][0,1]<2>()("コモンイベント名からIDを得る裏技でコモンイベントIDを得ます。")
[103][0,1]<2>()("※「文字列操作」の「隠しコード実行」で裏技コマンドを入れると使える。")
[103][0,1]<2>()("　マニュアルの「文字列操作」に載ってるぞ！")
[122][3,1]<2>(3000000,262656,0)("<<GET_COMMONEVENT_ID_FROM_NAME>>■主人公ピクセル移動切り替え")
[103][0,1]<2>()("「変数操作」の裏技！")
[103][0,1]<2>()("「39」などが入った文字列変数をむりやり数値変数に入れると")
[103][0,1]<2>()("ちゃんと数値として読ませることができるぞ！")
[121][4,0]<2>(1100001,3000000,0,0)()
[101][0,1]<2>()("「えーと、コモンイベント\self[1]の<\n>　『■主人公ピクセル移動切り替え』を……<\n>　ポチッ、ON！")
[140][7,1]<2>(33554464,0,0,0,100,100,0)("SystemFile/SE_Get.ogg")
[101][0,1]<2>()("「はい、ピクセル単位での移動開始！<\n>　マス目移動から解き放たれた<\n>　ピクセル移動モードを楽しんできて！")
[300][3,1]<2>(0,1,1)("■主人公ピクセル移動切り替え")
[0][0,0]<2>()()
[401][1,0]<1>(2)()
[140][7,1]<2>(33554464,0,0,0,100,100,0)("SystemFile/SE_LevelUp.ogg")
[300][3,1]<2>(0,1,-1)("■主人公ピクセル移動切り替え")
[101][0,1]<2>()("「ピクセル移動、OFF！<\n>　まあまあ楽しかったでしょ？")
[101][0,1]<2>()("「でもピクセル移動中は1マスの<\n>　すきまを通るのが大変になるから、<\n>　あなたがゲームを作るときは<\n>　あまり狭い道を入れないようにしてよね！？")
[0][0,0]<2>()()
[499][0,0]<1>()()
[103][0,1]<1>()("テクニック： 「1を足して2で余り(％)を取る」と0→1→0→1と切り替わります！")
[121][4,0]<1>(1100000,1,0,256)()
[121][4,0]<1>(1100000,2,0,1280)()
[0][0,0]<1>()()
[401][1,0]<0>(3)()
[101][0,1]<1>()("「ピクセル移動の説明が聞きたいの？<\n>　長いわよ！　覚悟しなさい！")
[180][1,0]<1>(4)()
[101][0,1]<1>()("「ピクセル移動処理は、<\n> 『通常のマス目単位の移動を禁止』して、<\n> 『ピクセル移動』エフェクトだけを使って<\n>　あなたを動かしてるわ！")
[101][0,1]<1>()("「並列処理イベントで『ピクセル移動』の<\n>　エフェクトを使えば、主人公を動かしても<\n>　ちゃんとマップや人にぶつかるし、<\n>　接触イベントも起こせちゃうの！")
[101][0,1]<1>()("「つまり、何も考えずに<\n>　マス目移動からピクセル移動に切り替えても<\n>　ほぼ問題なくゲーム進行させられるわけ！")
[101][0,1]<1>()("「このサンプルゲームだって、<\n>　ピクセル移動状態のままクリア可能よ！")
[180][1,0]<1>(4)()
[101][0,1]<1>()("「ただし……。")
[101][0,1]<1>()("「ピクセル移動状態で『キャラが移動する演出』<\n>　のあるイベントシーンに入ると、変な所で<\n>　引っかかって動かなくなるときがあるから、<\n>　そこだけ気をつけなさいよ！")
[0][0,0]<1>()()
[401][1,0]<0>(4)()
[101][0,1]<1>()("「バージョン3から、ゲーム内で使われる<\n>　文字のコードがユニコードになったわ！<\n>　『UTF-8』っていうらしいわよ！")
[101][0,1]<1>()("「そのおかげで、ちょっと変わった文字だって<\n>　使えるようになるわ！<\n>　たとえば……。")
[101][0,1]<1>()("✨†神天使トラ娘タイガ†✨<\n>「うふっ、タイガちゃんで～す♥\!<\n>　<\n>　みたいな書き方だってできちゃう！")
[101][0,1]<1>()("「ただしフォント側に入ってないと<\n>　♥も✨も使えないから、<\n>　そこは気をつけなさいよ！")
[180][1,0]<1>(4)()
[101][0,1]<1>()("「あと海外の人がゲームを遊ぶとき、<\n>　昔は文字化けしたり日本語ファイルが<\n>　読めなかったりしたらしいけど、<\n>　それもほぼなくなるみたいよ！")
[101][0,1]<1>()("「でも『MS ゴシック』フォントなんかは<\n>　海外のWindowsだと<\n>　入ってないらしいから気をつけてね！")
[101][0,1]<1>()("「今は 『メイリオ(Meiryo)』フォントにしてるけど<\n>　海外OSには入っていないこともあるから、<\n>　二次配布可能なフォントを同梱するのが安全よ！")
[0][0,0]<1>()()
[401][1,0]<0>(5)()
[101][0,1]<1>()("「オッケー！<\n>　変換エフェクトを使えば、<\n>　ピクチャの色変えなどができるわよ！")
[150][11,1]<1>(0,1,0,1,1,1,255,20,20,100,0)("EnemyGraphic/GD_Basilisk(Red).png")
[101][0,1]<1>()("「たとえばこのモンスターをベースに、<\n>　色相彩度明度の変更を試すわよ！<\n>　えい！")
[290][7,0]<1>(336,0,1,1,150,0,0)()
[101][0,1]<1>()("「はい！<\n>　エフェクトで色相を変えるだけで<\n>　こんな風に色違いの敵キャラにできたり……。")
[290][7,0]<1>(336,0,1,1,0,-255,0)()
[101][0,1]<1>()("「彩度0にすればこんな風に<\n>　白黒のキャラだって<\n>　簡単に作れるわ！")
[150][3,0]<1>(2,1,0)()
[150][11,1]<1>(0,1,0,6,4,10,255,20,20,300,0)("CharaChip/Special_Tiga.png")
[101][0,1]<1>()("「次はぼかし機能！<\n>　私のこの画像を……。")
[290][7,0]<1>(368,0,1,1,3,-255,0)()
[101][0,1]<1>()("「いや～ん♥\!<\n>　ってヘンなこと考えてないでしょうね！？")
[150][3,0]<1>(2,1,0)()
[101][0,1]<1>()("「次、レベル補正！")
[150][11,1]<1>(0,1,0,6,4,10,255,20,20,300,0)("CharaChip/Special_Tiga.png")
[101][0,1]<1>()("「マニアックだけど『コントラスト調整』に<\n>　近いことができるわ！")
[290][7,0]<1>(416,255,1,1,100,155,0)()
[101][0,1]<1>()("「えい！　美白！")
[150][3,0]<1>(2,1,0)()
[150][11,1]<1>(0,1,0,6,4,10,255,40,40,300,0)("CharaChip/Special_Wolfarl.png")
[101][0,1]<1>()("「最後に階調反転！<\n>　あなたの色を反転させてみるわ！")
[290][7,0]<1>(384,0,1,1,100,155,0)()
[101][0,1]<1>()("「えい！<\n>　何に使えばいいか分からないけど、<\n>　『ガーン！』とか言いながら<\n>　色反転すればいいんじゃない！？")
[150][3,0]<1>(2,1,0)()
[101][0,1]<1>()("「これらのエフェクトは『エフェクト』コマンドの<\n>　『ピクチャ』のエフェクト内にあるから、<\n>　気になるなら探してみなさいよ！")
[0][0,0]<1>()()
[401][1,0]<0>(6)()
[101][0,1]<1>()("「そう！　『いま映ってる画面』を<\n>　ピクチャとして取得できる機能が<\n>　付いたわ！")
[101][0,1]<1>()("「使い方は簡単！<\n>　ピクチャのファイル名に<SCREENSHOT>と<\n>　入れれば、いつもの画像みたいに<\n>　その時点の画面がピクチャとして使えるわよ！")
[101][0,1]<1>()("「やってみるから見てなさいよ！<\n>　えーい！")
[140][7,1]<1>(33554464,0,0,0,100,100,0)("SystemFile/SE_Get.ogg")
[290][7,0]<1>(0,10,1,1,40,40,40)()
[150][11,1]<1>(0,1,0,1,1,1,255,0,0,50,0)("<SCREENSHOT>")
[150][11,0]<1>(1,1,0,0,0,1,255,20,20,20,0)()
[290][7,0]<1>(16,10,1,1,20,20,20)()
[180][1,0]<1>(20)()
[101][0,1]<1>()("「はい、どう！？")
[101][0,1]<1>()("「文字やピクチャもそのまま撮っちゃうから、<\n>　使い方には注意が必要だけど、<\n>　工夫すれば色々使えるはずよ！")
[150][3,0]<1>(2,1,10)()
[101][0,1]<1>()("「たとえばこんな使い方があるわ！")
[180][1,0]<1>(12)()
[140][7,1]<1>(33554464,0,0,0,100,100,0)("SystemFile/SE_Encount.ogg")
[150][11,1]<1>(4096,1,0,1,1,1,255,160,120,50,0)("<SCREENSHOT>")
[150][11,0]<1>(1,1,30,0,0,1,255,160,120,300,7200)()
[150][11,1]<1>(48,2,30,320,240,1,255,0,0,100,0)("<SQUARE>")
[180][1,0]<1>(50)()
[150][3,0]<1>(4098,1,20)()
[150][3,0]<1>(50,2,20)()
[180][1,0]<1>(12)()
[101][0,1]<1>()("「みたいに、バトル開始時にありそうな<\n>　一時的な画面演出をするのにも<\n>　使えるわけ！")
[101][0,1]<1>()("「画面を使ったダイナミックなエフェクト、<\n>　なにか考えてみたらどう！？<\n>　そして私と勝負よ！")
[0][0,0]<1>()()
[401][1,0]<0>(7)()
[101][0,1]<1>()("「オッケー！<\n>　あ、マスクっていうのは、<\n>　ピクチャなどを表示できる『範囲』を<\n>　部分的に封じる機能だと思って！")
[101][0,1]<1>()("「じゃあ行くわよ！")
[103][0,1]<1>()("裏でキャラと背景を表示")
[290][7,1]<1>(67,2,0,0,0,0,0)("")
[150][11,1]<1>(4096,1,0,1,1,1,255,160,120,100,0)("Fog_BackGround/Background_space2_pipo.jpg")
[150][11,1]<1>(4096,2,0,6,4,3,255,160,100,1000,0)("CharaChip/Special_Tiga.png")
[290][7,0]<1>(48,1,2,2,4,0,100000)()
[290][7,1]<1>(19,2,1,2,0,0,0)("")
[103][0,1]<1>()("爆発音")
[140][7,1]<1>(33554464,0,0,0,60,70,0)("SE/Effect_Bomb1_panop.ogg")
[103][0,1]<1>()("マスクの表示可能範囲を中央から徐々に広げる")
[121][4,0]<1>(1100004,0,0,0)()
[179][1,0]<1>(30)()
[103][0,1]<2>()("徐々に描画範囲の幅が広がっていくマスク演出")
[103][0,1]<2>()("毎フレーム、まず全面を表示不能にする")
[290][7,1]<2>(67,2,0,0,0,0,0)("")
[103][0,1]<2>()("書き込み開始Xを計算（時間が経つほど←に）")
[121][4,0]<2>(1100005,-2,1100004,8192)()
[121][4,0]<2>(1100005,160,0,256)()
[179][1,0]<2>(1100004)()
[103][0,1]<3>()("斜め線みたいな黒いマスク（表示可能範囲）を1本書き込む")
[290][7,1]<3>(83,2,0,0,1100005,120,1)("SystemFile/Mask_Draw+_Slash200x480.png")
[121][4,0]<3>(1100005,4,0,256)()
[0][0,0]<3>()()
[498][0,0]<2>()()
[103][0,1]<2>()("書き込み数を増やす")
[121][4,0]<2>(1100004,1,0,256)()
[180][1,0]<2>(1)()
[0][0,0]<2>()()
[498][0,0]<1>()()
[180][1,0]<1>(15)()
[101][0,1]<1>()("「これが私の奥義、タイガーオーラッ！！")
[180][1,0]<1>(15)()
[179][1,0]<1>(30)()
[103][0,1]<2>()("今度は幅を縮めていく")
[103][0,1]<2>()("毎フレームリセット")
[290][7,1]<2>(67,2,0,0,0,0,0)("")
[103][0,1]<2>()("書き込み開始Xを計算（時間が経つほど←に）")
[121][4,0]<2>(1100005,-2,1100004,8192)()
[121][4,0]<2>(1100005,160,0,256)()
[179][1,0]<2>(1100004)()
[290][7,1]<3>(83,2,0,0,1100005,120,1)("SystemFile/Mask_Draw+_Slash200x480.png")
[121][4,0]<3>(1100005,4,0,256)()
[0][0,0]<3>()()
[498][0,0]<2>()()
[103][0,1]<2>()("書き込み数を減らす")
[121][4,0]<2>(1100004,1,0,512)()
[180][1,0]<2>(1)()
[0][0,0]<2>()()
[498][0,0]<1>()()
[290][7,1]<1>(67,2,0,0,0,0,0)("")
[180][1,0]<1>(8)()
[101][0,1]<1>()("「ふふん、どうだった？<\n>　真ん中のあたりだけ表示可能にして、<\n>　それ以外を描画不能にしてる感じを<\n>　イメージしてみるといいわよ！")
[150][6,0]<1>(16781314,1,0,0,0,2)()
[290][7,1]<1>(3,2,0,0,0,0,0)("")
[0][0,0]<1>()()
[401][1,0]<0>(8)()
[101][0,1]<1>()("「じゃあマスクを使った<\n>　カットイン説明の始まりよ！<\n>　寝たら承知しないんだから！")
[101][0,1]<1>()(" 「まずマスク機能は<\n>　『描く範囲を一部だけ封印する機能』<\n>　だってのはもう言ったかも<\n>　しれないけど……。")
[150][11,1]<1>(4096,1,0,1,1,1,255,160,120,100,0)("Fog_BackGround/Background_space2_pipo.jpg")
[150][11,1]<1>(4096,2,0,6,4,3,255,160,100,1000,0)("CharaChip/Special_Tiga.png")
[290][7,0]<1>(48,1,2,2,4,0,100000)()
[101][0,1]<1>()("「実は私のカットイン、<\n>　裏では画面いっぱいにこんな<\n>　ピクチャが出てるのよね！")
[290][7,1]<1>(19,2,1,2,0,0,0)("")
[101][0,1]<1>()("「で、『マスクを全面[非表示]に塗る』をした後、<\n> 『この背景』と『私のピクチャ』に対して<\n> 『マスクをON』にすると……。")
[290][7,1]<1>(67,2,0,0,0,0,0)("")
[180][1,0]<1>(10)()
[101][0,1]<1>()("「はい、全部消えちゃう！")
[101][0,1]<1>()("「実はまださっきのまま表示されてるけど、<\n>　マスクで全面を『非表示』にしたんだから<\n>　消えたように見えるのは当然よね？")
[150][11,1]<1>(4096,3,0,1,1,1,255,60,80,20,0)("SystemFile/Mask_Draw+_Slash200x480.png")
[101][0,1]<1>()("「あとはこんな感じの<\n>　黒いスジが入った画像で<\n>　マスクに[表示範囲]を書き込むと……。")
[290][7,1]<1>(83,2,0,0,160,120,1)("SystemFile/Mask_Draw+_Slash200x480.png")
[101][0,1]<1>()("「ほら、真ん中がチラ見えするわよ！？<\n>　左の画像の黒スジがちゃんと<\n>　『表示可能範囲』になってるの分かる！？")
[290][7,1]<1>(83,2,0,0,155,120,1)("SystemFile/Mask_Draw+_Slash200x480.png")
[180][1,0]<1>(12)()
[290][7,1]<1>(83,2,0,0,150,120,1)("SystemFile/Mask_Draw+_Slash200x480.png")
[180][1,0]<1>(12)()
[290][7,1]<1>(83,2,0,0,145,120,1)("SystemFile/Mask_Draw+_Slash200x480.png")
[180][1,0]<1>(12)()
[101][0,1]<1>()("「あとはこの要領でズラしながら<\n>　表示範囲を書き足していくと……。")
[180][1,0]<1>(15)()
[121][4,0]<1>(1100005,100,0,0)()
[179][1,0]<1>(27)()
[121][4,0]<2>(1100005,5,0,256)()
[290][7,1]<2>(83,2,0,0,1100005,120,1)("SystemFile/Mask_Draw+_Slash200x480.png")
[180][1,0]<2>(7)()
[0][0,0]<2>()()
[498][0,0]<1>()()
[180][1,0]<1>(15)()
[101][0,1]<1>()("「ほら！<\n>　さっきみたいなカットインっぽくなるってわけ！")
[101][0,1]<1>()("「私はマスクに対して毎フレーム、<\n> 『全面[非表示]に塗る→黒いスジを複数塗る』<\n>　を幅を変えて繰り返すことで、見える範囲が<\n>　広がるアニメーションを作ってたのよ！")
[150][6,0]<1>(16777218,1,0,0,0,3)()
[290][7,1]<1>(3,2,0,0,0,0,0)("")
[180][1,0]<1>(10)()
[101][0,1]<1>()("「分かったかしら！？<\n>　マスクは難しいけど、あなたが<\n>　使いこなせる日を待ってるわよ！　フン！")
[0][0,0]<1>()()
[421][1,0]<0>(0)()
[0][0,0]<1>()()
[499][0,0]<0>()()
[0][0,0]<0>()()
WoditorEvCOMMAND_END
--
[COMMAND_TEXT_START]
▼ ピクセル移動中かのSelf0変数を見て選択肢の文字列を切り替えます
■条件分岐(数値):  【1】 このEvのSelf0  が   0 と同じ  【2】 このEvのSelf0  が   1 と同じ 
-◇分岐： 【1】  [ このEvのSelf0  が  0 と同じ  ]の場合↓
 |▼ Self0が0ならまだピクセル移動してないのでONする選択肢
 |■文字列操作：S0[[サンプル]一時文字列] = "ピクセル移動を試したい！"
 |■
-◇分岐： 【2】  [ このEvのSelf0  が  1 と同じ  ]の場合↓
 |▼ Self0が1ならピクセル移動中なのでOFFする選択肢
 |■文字列操作：S0[[サンプル]一時文字列] = "ピクセル移動をやめたい"
 |■
◇分岐終了◇
■文章:「あなたのライバル、トラ娘のタイガちゃんよ！\n　バージョン3の新機能を紹介しちゃうんだから！
■ウェイト：1 フレーム
■文章選択肢:/ 【1】\s[0] / 【2】ピクセル移動処理ってどう作られてるの？ / 【3】ユニコード対応されたって聞いたけど？ / 【4】変換エフェクトで色変えができるって！？ / 【5】画面をピクチャとして取れるって！？ / 【6】マスク処理のカットインを見たい！ / 【7】マスクを使ったカットインの解説をお願い 
-◇選択肢：【1】 \s[0]                                    の場合↓
 |■条件分岐(数値):  【1】 このEvのSelf0  が   0 と同じ  【2】 このEvのSelf0  が   1 と同じ 
 |-◇分岐： 【1】  [ このEvのSelf0  が  0 と同じ  ]の場合↓
 | |▼ Self0が0ならこれからピクセル移動開始
 | |■文章:「オッケー！　マス目単位じゃなくて\n　ピクセル単位で移動するモードを\n　オンにするわよ！
 | |▼ コモンイベント名からIDを得る裏技でコモンイベントIDを得ます。
 | |▼ ※「文字列操作」の「隠しコード実行」で裏技コマンドを入れると使える。
 | |▼ 　マニュアルの「文字列操作」に載ってるぞ！
 | |■文字列操作：S0[[サンプル]一時文字列] =<隠しコード実行>"<<GET_COMMONEVENT_ID_FROM_NAME>>■主人公ピクセル移動切り替え"
 | |▼ 「変数操作」の裏技！
 | |▼ 「39」などが入った文字列変数をむりやり数値変数に入れると
 | |▼ ちゃんと数値として読ませることができるぞ！
 | |■変数操作: このEvのSelf1 = S0[[サンプル]一時文字列] + 0 
 | |■文章:「えーと、コモンイベント\self[1]の\n　『■主人公ピクセル移動切り替え』を……\n　ポチッ、ON！
 | |■サウンド：SE ﾌｧｲﾙ[SystemFile/SE_Get.ogg] 音 100％ 周 100％ (0 ﾁｬﾝﾈﾙ) 再生 / 遅延：0ﾌﾚｰﾑ
 | |■文章:「はい、ピクセル単位での移動開始！\n　マス目移動から解き放たれた\n　ピクセル移動モードを楽しんできて！
 | |■イベントの挿入[名]： ["■主人公ピクセル移動切り替え"] <コモンEv 39>  / 1:ピクセル移動ON
 | |■
 |-◇分岐： 【2】  [ このEvのSelf0  が  1 と同じ  ]の場合↓
 | |■サウンド：SE ﾌｧｲﾙ[SystemFile/SE_LevelUp.ogg] 音 100％ 周 100％ (0 ﾁｬﾝﾈﾙ) 再生 / 遅延：0ﾌﾚｰﾑ
 | |■イベントの挿入[名]： ["■主人公ピクセル移動切り替え"] <コモンEv 39>  / -1:ピクセル移動OFF
 | |■文章:「ピクセル移動、OFF！\n　まあまあ楽しかったでしょ？
 | |■文章:「でもピクセル移動中は1マスの\n　すきまを通るのが大変になるから、\n　あなたがゲームを作るときは\n　あまり狭い道を入れないようにしてよね！？
 | |■
 |◇分岐終了◇
 |▼ テクニック： 「1を足して2で余り(％)を取る」と0→1→0→1と切り替わります！
 |■変数操作: このEvのSelf0 += 1 + 0 
 |■変数操作: このEvのSelf0 %= 2 + 0 
 |■
-◇選択肢：【2】 ピクセル移動処理ってどう作られてるの？                      の場合↓
 |■文章:「ピクセル移動の説明が聞きたいの？\n　長いわよ！　覚悟しなさい！
 |■ウェイト：4 フレーム
 |■文章:「ピクセル移動処理は、\n 『通常のマス目単位の移動を禁止』して、\n 『ピクセル移動』エフェクトだけを使って\n　あなたを動かしてるわ！
 |■文章:「並列処理イベントで『ピクセル移動』の\n　エフェクトを使えば、主人公を動かしても\n　ちゃんとマップや人にぶつかるし、\n　接触イベントも起こせちゃうの！
 |■文章:「つまり、何も考えずに\n　マス目移動からピクセル移動に切り替えても\n　ほぼ問題なくゲーム進行させられるわけ！
 |■文章:「このサンプルゲームだって、\n　ピクセル移動状態のままクリア可能よ！
 |■ウェイト：4 フレーム
 |■文章:「ただし……。
 |■文章:「ピクセル移動状態で『キャラが移動する演出』\n　のあるイベントシーンに入ると、変な所で\n　引っかかって動かなくなるときがあるから、\n　そこだけ気をつけなさいよ！
 |■
-◇選択肢：【3】 ユニコード対応されたって聞いたけど？                       の場合↓
 |■文章:「バージョン3から、ゲーム内で使われる\n　文字のコードがユニコードになったわ！\n　『UTF-8』っていうらしいわよ！
 |■文章:「そのおかげで、ちょっと変わった文字だって\n　使えるようになるわ！\n　たとえば……。
 |■文章:✨†神天使トラ娘タイガ†✨\n「うふっ、タイガちゃんで～す♥\!\n　\n　みたいな書き方だってできちゃう！
 |■文章:「ただしフォント側に入ってないと\n　♥も✨も使えないから、\n　そこは気をつけなさいよ！
 |■ウェイト：4 フレーム
 |■文章:「あと海外の人がゲームを遊ぶとき、\n　昔は文字化けしたり日本語ファイルが\n　読めなかったりしたらしいけど、\n　それもほぼなくなるみたいよ！
 |■文章:「でも『MS ゴシック』フォントなんかは\n　海外のWindowsだと\n　入ってないらしいから気をつけてね！
 |■文章:「今は 『メイリオ(Meiryo)』フォントにしてるけど\n　海外OSには入っていないこともあるから、\n　二次配布可能なフォントを同梱するのが安全よ！
 |■
-◇選択肢：【4】 変換エフェクトで色変えができるって！？                      の場合↓
 |■文章:「オッケー！\n　変換エフェクトを使えば、\n　ピクチャの色変えなどができるわよ！
 |■ﾋﾟｸﾁｬ表示：1 [左上]ﾌｧｲﾙ｢EnemyGraphic/GD_Basilisk(Red).png｣ X:20 Y:20 / 0(0)ﾌﾚｰﾑ  / ﾊﾟﾀｰﾝ 1 / 透 255 / 通常  / 角 0 / 拡 100％ / ｶﾗｰ R[100] G[100] B[100]
 |■文章:「たとえばこのモンスターをベースに、\n　色相彩度明度の変更を試すわよ！\n　えい！
 |■ピクチャエフェクト：1 [変換/色相彩度明度] 色150/彩0/明0
 |■文章:「はい！\n　エフェクトで色相を変えるだけで\n　こんな風に色違いの敵キャラにできたり……。
 |■ピクチャエフェクト：1 [変換/色相彩度明度] 色0/彩-255/明0
 |■文章:「彩度0にすればこんな風に\n　白黒のキャラだって\n　簡単に作れるわ！
 |■ﾋﾟｸﾁｬ消去：1  / 0(0)ﾌﾚｰﾑ
 |■ﾋﾟｸﾁｬ表示：1 [左上]ﾌｧｲﾙ｢CharaChip/Special_Tiga.png｣ X:20 Y:20 / 0(0)ﾌﾚｰﾑ  / ﾊﾟﾀｰﾝ 10 / 透 255 / 通常  / 角 0 / 拡 300％ / ｶﾗｰ R[100] G[100] B[100]
 |■文章:「次はぼかし機能！\n　私のこの画像を……。
 |■ピクチャエフェクト：1 [変換/ぼかし] 量3
 |■文章:「いや～ん♥\!\n　ってヘンなこと考えてないでしょうね！？
 |■ﾋﾟｸﾁｬ消去：1  / 0(0)ﾌﾚｰﾑ
 |■文章:「次、レベル補正！
 |■ﾋﾟｸﾁｬ表示：1 [左上]ﾌｧｲﾙ｢CharaChip/Special_Tiga.png｣ X:20 Y:20 / 0(0)ﾌﾚｰﾑ  / ﾊﾟﾀｰﾝ 10 / 透 255 / 通常  / 角 0 / 拡 300％ / ｶﾗｰ R[100] G[100] B[100]
 |■文章:「マニアックだけど『コントラスト調整』に\n　近いことができるわ！
 |■ピクチャエフェクト：1 [変換/レベル補正] 元(100 ～ 155) => 新(0 ～ 255)
 |■文章:「えい！　美白！
 |■ﾋﾟｸﾁｬ消去：1  / 0(0)ﾌﾚｰﾑ
 |■ﾋﾟｸﾁｬ表示：1 [左上]ﾌｧｲﾙ｢CharaChip/Special_Wolfarl.png｣ X:40 Y:40 / 0(0)ﾌﾚｰﾑ  / ﾊﾟﾀｰﾝ 10 / 透 255 / 通常  / 角 0 / 拡 300％ / ｶﾗｰ R[100] G[100] B[100]
 |■文章:「最後に階調反転！\n　あなたの色を反転させてみるわ！
 |■ピクチャエフェクト：1 [変換/階調反転] 
 |■文章:「えい！\n　何に使えばいいか分からないけど、\n　『ガーン！』とか言いながら\n　色反転すればいいんじゃない！？
 |■ﾋﾟｸﾁｬ消去：1  / 0(0)ﾌﾚｰﾑ
 |■文章:「これらのエフェクトは『エフェクト』コマンドの\n　『ピクチャ』のエフェクト内にあるから、\n　気になるなら探してみなさいよ！
 |■
-◇選択肢：【5】 画面をピクチャとして取れるって！？                        の場合↓
 |■文章:「そう！　『いま映ってる画面』を\n　ピクチャとして取得できる機能が\n　付いたわ！
 |■文章:「使い方は簡単！\n　ピクチャのファイル名に<SCREENSHOT>と\n　入れれば、いつもの画像みたいに\n　その時点の画面がピクチャとして使えるわよ！
 |■文章:「やってみるから見てなさいよ！\n　えーい！
 |■サウンド：SE ﾌｧｲﾙ[SystemFile/SE_Get.ogg] 音 100％ 周 100％ (0 ﾁｬﾝﾈﾙ) 再生 / 遅延：0ﾌﾚｰﾑ
 |■ピクチャエフェクト：1 [フラッシュ] R40/G40/B40  [10]ﾌﾚｰﾑ
 |■ﾋﾟｸﾁｬ表示：1 [左上]ﾌｧｲﾙ｢<SCREENSHOT>｣ X:0 Y:0 / 0(0)ﾌﾚｰﾑ  / ﾊﾟﾀｰﾝ 1 / 透 255 / 通常  / 角 0 / 拡 50％ / ｶﾗｰ R[100] G[100] B[100]
 |■ﾋﾟｸﾁｬ移動：1  X:20 Y:20 / 0(0)ﾌﾚｰﾑ  / ﾊﾟﾀｰﾝ 1 / 透 255 / 通常  / 角 0 / 拡 20％ / ｶﾗｰ R[100] G[100] B[100]
 |■ピクチャエフェクト：1 [色調整] R20/G20/B20  [10]ﾌﾚｰﾑ
 |■ウェイト：20 フレーム
 |■文章:「はい、どう！？
 |■文章:「文字やピクチャもそのまま撮っちゃうから、\n　使い方には注意が必要だけど、\n　工夫すれば色々使えるはずよ！
 |■ﾋﾟｸﾁｬ消去：1  / 10(0)ﾌﾚｰﾑ
 |■文章:「たとえばこんな使い方があるわ！
 |■ウェイト：12 フレーム
 |■サウンド：SE ﾌｧｲﾙ[SystemFile/SE_Encount.ogg] 音 100％ 周 100％ (0 ﾁｬﾝﾈﾙ) 再生 / 遅延：0ﾌﾚｰﾑ
 |■ﾋﾟｸﾁｬ表示：1 [中心]ﾌｧｲﾙ｢<SCREENSHOT>｣ X:160 Y:120 / 0(0)ﾌﾚｰﾑ  / ﾊﾟﾀｰﾝ 1 / 透 255 / 通常  / 角 0 / 拡 50％ / ｶﾗｰ R[100] G[100] B[100]
 |■ﾋﾟｸﾁｬ移動：1  X:160 Y:120 / 30(0)ﾌﾚｰﾑ  / ﾊﾟﾀｰﾝ 1 / 透 255 / 通常  / 角 7200 / 拡 300％ / ｶﾗｰ R[100] G[100] B[100]
 |■ﾋﾟｸﾁｬ表示：2 [左上]ｳｨﾝﾄﾞｳ「<SQUARE>」ｻｲｽﾞ[320,240] X:0 Y:0 / 30(0)ﾌﾚｰﾑ  / ﾊﾟﾀｰﾝ 1 / 透 255 / 通常  / 角 0 / 拡 100％ / ｶﾗｰ R[100] G[100] B[100]
 |■ウェイト：50 フレーム
 |■ﾋﾟｸﾁｬ消去：1  / 20(0)ﾌﾚｰﾑ
 |■ﾋﾟｸﾁｬ消去：2  / 20(0)ﾌﾚｰﾑ
 |■ウェイト：12 フレーム
 |■文章:「みたいに、バトル開始時にありそうな\n　一時的な画面演出をするのにも\n　使えるわけ！
 |■文章:「画面を使ったダイナミックなエフェクト、\n　なにか考えてみたらどう！？\n　そして私と勝負よ！
 |■
-◇選択肢：【6】 マスク処理のカットインを見たい！                         の場合↓
 |■文章:「オッケー！\n　あ、マスクっていうのは、\n　ピクチャなどを表示できる『範囲』を\n　部分的に封じる機能だと思って！
 |■文章:「じゃあ行くわよ！
 |▼ 裏でキャラと背景を表示
 |■マスク機能：[ﾏｽｸを全面[非表示]に塗る]
 |■ﾋﾟｸﾁｬ表示：1 [中心]ﾌｧｲﾙ｢Fog_BackGround/Background_space2_pipo.jpg｣ X:160 Y:120 / 0(0)ﾌﾚｰﾑ  / ﾊﾟﾀｰﾝ 1 / 透 255 / 通常  / 角 0 / 拡 100％ / ｶﾗｰ R[100] G[100] B[100]
 |■ﾋﾟｸﾁｬ表示：2 [中心]ﾌｧｲﾙ｢CharaChip/Special_Tiga.png｣ X:160 Y:100 / 0(0)ﾌﾚｰﾑ  / ﾊﾟﾀｰﾝ 3 / 透 255 / 通常  / 角 0 / 拡 1000％ / ｶﾗｰ R[100] G[100] B[100]
 |■ピクチャエフェクト：2 [シェイク] Xｼｪｲｸ 4 / Yｼｪｲｸ 0 / 100000回  [1]ﾌﾚｰﾑ
 |■マスク機能：[このﾋﾟｸﾁｬIDをﾏｽｸ対象にする] => ID 1 ～ 2 
 |▼ 爆発音
 |■サウンド：SE ﾌｧｲﾙ[SE/Effect_Bomb1_panop.ogg] 音 60％ 周 70％ (0 ﾁｬﾝﾈﾙ) 再生 / 遅延：0ﾌﾚｰﾑ
 |▼ マスクの表示可能範囲を中央から徐々に広げる
 |■変数操作: このEvのSelf4 = 0 + 0 
 |■回数付きループ [ 30 ]回
 | |▼ 徐々に描画範囲の幅が広がっていくマスク演出
 | |▼ 毎フレーム、まず全面を表示不能にする
 | |■マスク機能：[ﾏｽｸを全面[非表示]に塗る]
 | |▼ 書き込み開始Xを計算（時間が経つほど←に）
 | |■変数操作: このEvのSelf5 = -2 * このEvのSelf4 
 | |■変数操作: このEvのSelf5 += 160 + 0 
 | |■回数付きループ [ このEvのSelf4 ]回
 | | |▼ 斜め線みたいな黒いマスク（表示可能範囲）を1本書き込む
 | | |■マスク機能：[ﾏｽｸに表示範囲(黒)を追加] =>[SystemFile/Mask_Draw+_Slash200x480.png] XこのEvのSelf5 Y120 (中心)
 | | |■変数操作: このEvのSelf5 += 4 + 0 
 | | |■
 | |◇ループここまで◇◇
 | |▼ 書き込み数を増やす
 | |■変数操作: このEvのSelf4 += 1 + 0 
 | |■ウェイト：1 フレーム
 | |■
 |◇ループここまで◇◇
 |■ウェイト：15 フレーム
 |■文章:「これが私の奥義、タイガーオーラッ！！
 |■ウェイト：15 フレーム
 |■回数付きループ [ 30 ]回
 | |▼ 今度は幅を縮めていく
 | |▼ 毎フレームリセット
 | |■マスク機能：[ﾏｽｸを全面[非表示]に塗る]
 | |▼ 書き込み開始Xを計算（時間が経つほど←に）
 | |■変数操作: このEvのSelf5 = -2 * このEvのSelf4 
 | |■変数操作: このEvのSelf5 += 160 + 0 
 | |■回数付きループ [ このEvのSelf4 ]回
 | | |■マスク機能：[ﾏｽｸに表示範囲(黒)を追加] =>[SystemFile/Mask_Draw+_Slash200x480.png] XこのEvのSelf5 Y120 (中心)
 | | |■変数操作: このEvのSelf5 += 4 + 0 
 | | |■
 | |◇ループここまで◇◇
 | |▼ 書き込み数を減らす
 | |■変数操作: このEvのSelf4 -= 1 + 0 
 | |■ウェイト：1 フレーム
 | |■
 |◇ループここまで◇◇
 |■マスク機能：[ﾏｽｸを全面[非表示]に塗る]
 |■ウェイト：8 フレーム
 |■文章:「ふふん、どうだった？\n　真ん中のあたりだけ表示可能にして、\n　それ以外を描画不能にしてる感じを\n　イメージしてみるといいわよ！
 |■ﾋﾟｸﾁｬ消去：1 ～ 2  / 0(0)ﾌﾚｰﾑ
 |■マスク機能：[マスク機能全リセット(停止)]
 |■
-◇選択肢：【7】 マスクを使ったカットインの解説をお願い                      の場合↓
 |■文章:「じゃあマスクを使った\n　カットイン説明の始まりよ！\n　寝たら承知しないんだから！
 |■文章: 「まずマスク機能は\n　『描く範囲を一部だけ封印する機能』\n　だってのはもう言ったかも\n　しれないけど……。
 |■ﾋﾟｸﾁｬ表示：1 [中心]ﾌｧｲﾙ｢Fog_BackGround/Background_space2_pipo.jpg｣ X:160 Y:120 / 0(0)ﾌﾚｰﾑ  / ﾊﾟﾀｰﾝ 1 / 透 255 / 通常  / 角 0 / 拡 100％ / ｶﾗｰ R[100] G[100] B[100]
 |■ﾋﾟｸﾁｬ表示：2 [中心]ﾌｧｲﾙ｢CharaChip/Special_Tiga.png｣ X:160 Y:100 / 0(0)ﾌﾚｰﾑ  / ﾊﾟﾀｰﾝ 3 / 透 255 / 通常  / 角 0 / 拡 1000％ / ｶﾗｰ R[100] G[100] B[100]
 |■ピクチャエフェクト：2 [シェイク] Xｼｪｲｸ 4 / Yｼｪｲｸ 0 / 100000回  [1]ﾌﾚｰﾑ
 |■文章:「実は私のカットイン、\n　裏では画面いっぱいにこんな\n　ピクチャが出てるのよね！
 |■マスク機能：[このﾋﾟｸﾁｬIDをﾏｽｸ対象にする] => ID 1 ～ 2 
 |■文章:「で、『マスクを全面[非表示]に塗る』をした後、\n 『この背景』と『私のピクチャ』に対して\n 『マスクをON』にすると……。
 |■マスク機能：[ﾏｽｸを全面[非表示]に塗る]
 |■ウェイト：10 フレーム
 |■文章:「はい、全部消えちゃう！
 |■文章:「実はまださっきのまま表示されてるけど、\n　マスクで全面を『非表示』にしたんだから\n　消えたように見えるのは当然よね？
 |■ﾋﾟｸﾁｬ表示：3 [中心]ﾌｧｲﾙ｢SystemFile/Mask_Draw+_Slash200x480.png｣ X:60 Y:80 / 0(0)ﾌﾚｰﾑ  / ﾊﾟﾀｰﾝ 1 / 透 255 / 通常  / 角 0 / 拡 20％ / ｶﾗｰ R[100] G[100] B[100]
 |■文章:「あとはこんな感じの\n　黒いスジが入った画像で\n　マスクに[表示範囲]を書き込むと……。
 |■マスク機能：[ﾏｽｸに表示範囲(黒)を追加] =>[SystemFile/Mask_Draw+_Slash200x480.png] X160 Y120 (中心)
 |■文章:「ほら、真ん中がチラ見えするわよ！？\n　左の画像の黒スジがちゃんと\n　『表示可能範囲』になってるの分かる！？
 |■マスク機能：[ﾏｽｸに表示範囲(黒)を追加] =>[SystemFile/Mask_Draw+_Slash200x480.png] X155 Y120 (中心)
 |■ウェイト：12 フレーム
 |■マスク機能：[ﾏｽｸに表示範囲(黒)を追加] =>[SystemFile/Mask_Draw+_Slash200x480.png] X150 Y120 (中心)
 |■ウェイト：12 フレーム
 |■マスク機能：[ﾏｽｸに表示範囲(黒)を追加] =>[SystemFile/Mask_Draw+_Slash200x480.png] X145 Y120 (中心)
 |■ウェイト：12 フレーム
 |■文章:「あとはこの要領でズラしながら\n　表示範囲を書き足していくと……。
 |■ウェイト：15 フレーム
 |■変数操作: このEvのSelf5 = 100 + 0 
 |■回数付きループ [ 27 ]回
 | |■変数操作: このEvのSelf5 += 5 + 0 
 | |■マスク機能：[ﾏｽｸに表示範囲(黒)を追加] =>[SystemFile/Mask_Draw+_Slash200x480.png] XこのEvのSelf5 Y120 (中心)
 | |■ウェイト：7 フレーム
 | |■
 |◇ループここまで◇◇
 |■ウェイト：15 フレーム
 |■文章:「ほら！\n　さっきみたいなカットインっぽくなるってわけ！
 |■文章:「私はマスクに対して毎フレーム、\n 『全面[非表示]に塗る→黒いスジを複数塗る』\n　を幅を変えて繰り返すことで、見える範囲が\n　広がるアニメーションを作ってたのよ！
 |■ﾋﾟｸﾁｬ消去：1 ～ 3  / 0(0)ﾌﾚｰﾑ
 |■マスク機能：[マスク機能全リセット(停止)]
 |■ウェイト：10 フレーム
 |■文章:「分かったかしら！？\n　マスクは難しいけど、あなたが\n　使いこなせる日を待ってるわよ！　フン！
 |■
-◇キャンセルの場合
 |■
◇分岐終了◇
■
[COMMAND_TEXT_END]
-----
EVENT_ID=20
EVENT_NAME=Zオーダー馬
EVENT_X=8
EVENT_Y=18
EVENT_PAGE=1
OPTION_DATA_NUM=0
EVENT_PAGE_NUM=1
EVENT_PAGE=0
EVENT_TILE_ID=-1
GRAPHIC_FILENAME=CharaChip/Animal_Horse_pochi.png
EVENT_DIRECTION=3
EVENT_PATTERN=1
EVENT_OPACITY=255
EVENT_BLENDTYPE=0
EVENT_TRIGGER_TYPE=0
EVENT_CONDITION_0_USE=32
EVENT_CONDITION_TARGET_0=1000000
EVENT_CONDITION_VALUE_0=0
EVENT_CONDITION_1_USE=32
EVENT_CONDITION_TARGET_1=1000000
EVENT_CONDITION_VALUE_1=0
EVENT_CONDITION_2_USE=32
EVENT_CONDITION_TARGET_2=1000000
EVENT_CONDITION_VALUE_2=0
EVENT_CONDITION_3_USE=32
EVENT_CONDITION_TARGET_3=1000000
EVENT_CONDITION_VALUE_3=0
ANIME_SPEED=3
MOVE_SPEED=3
MOVE_FREQUENCY=3
MOVE_TYPE=0
CHARA_OPTION_FLAG=35
ROUTE_OPTION_FLAG=2
ROUTE_COMMAND_NUM=0
OPTION_VAL_NUM=3
OPTION_VAL_0=0
OPTION_VAL_1=0
OPTION_VAL_2=0
COMMAND_NUM=32
--
WoditorEvCOMMAND_START
[101][0,1]<0>()("「やあ！<\n>　ぼくはピクチャのZオーダーについて<\n>　紹介する馬だよ！")
[102][1,1]<0>(1)("Zオーダーの例を見たい")
[401][1,0]<0>(2)()
[101][0,1]<1>()("「じゃあ見本を見せるね！<\n>　まずピクチャ番号10、15、20で<\n>　3つのピクチャを表示するよ！")
[150][11,1]<1>(24608,20,0,1,1,1,255,140,85,100,0)("<C>10<\n>↓")
[150][11,1]<1>(4096,5,0,1,1,1,255,140,115,400,0)("Picture/FaceGraphic_Edy.png")
[290][7,0]<1>(32,0,0,26,0,-20,0)()
[180][1,0]<1>(15)()
[150][11,1]<1>(24608,21,0,1,1,1,255,160,90,100,0)("<C>15<\n>↓")
[150][11,1]<1>(4096,10,0,1,1,1,255,160,120,400,0)("Picture/FaceGraphic_Wolfarl.png")
[290][7,0]<1>(32,0,0,26,0,-20,0)()
[180][1,0]<1>(15)()
[150][11,1]<1>(24608,22,0,1,1,1,255,180,97,100,0)("<C>20<\n>↓")
[150][11,1]<1>(4096,15,0,1,1,1,255,180,120,400,0)("Picture/FaceGraphic_Yuichi.png")
[290][7,0]<1>(32,0,0,26,0,-20,0)()
[180][1,0]<1>(15)()
[101][0,1]<1>()("「さあ、3枚かさなって表示されたね！<\n>　表示されたばかりのピクチャは、<\n>　Zオーダーは【0】として扱われるよ！")
[101][0,1]<1>()("「ここで<\n>　【エフェクト】コマンドの「ピクチャ」から、<\n>　真ん中のウルファールさんだけ<\n>　Zオーダーを【1】に変更してみるよ！")
[180][1,0]<1>(5)()
[290][7,0]<1>(448,0,10,10,1,0,0)()
[290][7,0]<1>(448,0,21,21,1,0,0)()
[180][1,0]<1>(25)()
[101][0,1]<1>()("「ほら、ウルファールさんのピクチャ番号が<\n>　15番のままなのに、20番の夕一くんより<\n>　上に表示されるのが分かる？")
[101][0,1]<1>()("「Zオーダーは、こんな風にピクチャ番号による<\n>　上下を無視して表示の優先度を<\n>　変えられる機能なんだ！")
[150][6,0]<1>(16777218,5,120,0,0,25)()
[101][0,1]<1>()("\f[10]「ただし、ピクチャ番号が<\n>　【-1以下】（フォグより下・★チップより上）と<\n>　【0以上】（フォグより上に表示）みたいな境界は<\n>　Zオーダーがいくら大きくても越えられないから気をつけて！")
[101][0,1]<1>()("「Zオーダーで越えられないピクチャの境界は<\n>　ピクチャ番号【-40万】【-30万】【-20万】<\n>　【-10万】【0】【10万】のところにあるから、<\n>　ピクチャ番号を決めるときは注意だよ！")
[0][0,0]<1>()()
[421][1,0]<0>(0)()
[0][0,0]<1>()()
[499][0,0]<0>()()
[0][0,0]<0>()()
WoditorEvCOMMAND_END
--
[COMMAND_TEXT_START]
■文章:「やあ！\n　ぼくはピクチャのZオーダーについて\n　紹介する馬だよ！
■文章選択肢:/ 【1】Zオーダーの例を見たい 
-◇選択肢：【1】 Zオーダーの例を見たい                              の場合↓
 |■文章:「じゃあ見本を見せるね！\n　まずピクチャ番号10、15、20で\n　3つのピクチャを表示するよ！
 |■ﾋﾟｸﾁｬ表示：20 [中央下]文字列[<C>10\n↓] X:140 Y:85 / 0(0)ﾌﾚｰﾑ  / ﾊﾟﾀｰﾝ 1 / 透 255 / 通常  / 角 0 / 拡 100％ / ｶﾗｰ R[100] G[100] B[100]
 |■ﾋﾟｸﾁｬ表示：5 [中心]ﾌｧｲﾙ｢Picture/FaceGraphic_Edy.png｣ X:140 Y:115 / 0(0)ﾌﾚｰﾑ  / ﾊﾟﾀｰﾝ 1 / 透 255 / 通常  / 角 0 / 拡 400％ / ｶﾗｰ R[100] G[100] B[100]
 |■ピクチャエフェクト：0 ～ 26 [描画座標ｼﾌﾄ(最終値)] Xｼﾌﾄ 0 / Yｼﾌﾄ -20 [0]ﾌﾚｰﾑ
 |■ウェイト：15 フレーム
 |■ﾋﾟｸﾁｬ表示：21 [中央下]文字列[<C>15\n↓] X:160 Y:90 / 0(0)ﾌﾚｰﾑ  / ﾊﾟﾀｰﾝ 1 / 透 255 / 通常  / 角 0 / 拡 100％ / ｶﾗｰ R[100] G[100] B[100]
 |■ﾋﾟｸﾁｬ表示：10 [中心]ﾌｧｲﾙ｢Picture/FaceGraphic_Wolfarl.png｣ X:160 Y:120 / 0(0)ﾌﾚｰﾑ  / ﾊﾟﾀｰﾝ 1 / 透 255 / 通常  / 角 0 / 拡 400％ / ｶﾗｰ R[100] G[100] B[100]
 |■ピクチャエフェクト：0 ～ 26 [描画座標ｼﾌﾄ(最終値)] Xｼﾌﾄ 0 / Yｼﾌﾄ -20 [0]ﾌﾚｰﾑ
 |■ウェイト：15 フレーム
 |■ﾋﾟｸﾁｬ表示：22 [中央下]文字列[<C>20\n↓] X:180 Y:97 / 0(0)ﾌﾚｰﾑ  / ﾊﾟﾀｰﾝ 1 / 透 255 / 通常  / 角 0 / 拡 100％ / ｶﾗｰ R[100] G[100] B[100]
 |■ﾋﾟｸﾁｬ表示：15 [中心]ﾌｧｲﾙ｢Picture/FaceGraphic_Yuichi.png｣ X:180 Y:120 / 0(0)ﾌﾚｰﾑ  / ﾊﾟﾀｰﾝ 1 / 透 255 / 通常  / 角 0 / 拡 400％ / ｶﾗｰ R[100] G[100] B[100]
 |■ピクチャエフェクト：0 ～ 26 [描画座標ｼﾌﾄ(最終値)] Xｼﾌﾄ 0 / Yｼﾌﾄ -20 [0]ﾌﾚｰﾑ
 |■ウェイト：15 フレーム
 |■文章:「さあ、3枚かさなって表示されたね！\n　表示されたばかりのピクチャは、\n　Zオーダーは【0】として扱われるよ！
 |■文章:「ここで\n　【エフェクト】コマンドの「ピクチャ」から、\n　真ん中のウルファールさんだけ\n　Zオーダーを【1】に変更してみるよ！
 |■ウェイト：5 フレーム
 |■ピクチャエフェクト：10 [Zオーダー] を [1] へ変更
 |■ピクチャエフェクト：21 [Zオーダー] を [1] へ変更
 |■ウェイト：25 フレーム
 |■文章:「ほら、ウルファールさんのピクチャ番号が\n　15番のままなのに、20番の夕一くんより\n　上に表示されるのが分かる？
 |■文章:「Zオーダーは、こんな風にピクチャ番号による\n　上下を無視して表示の優先度を\n　変えられる機能なんだ！
 |■ﾋﾟｸﾁｬ消去：5 ～ 25  / 120(0)ﾌﾚｰﾑ
 |■文章:\f[10]「ただし、ピクチャ番号が\n　【-1以下】（フォグより下・★チップより上）と\n　【0以上】（フォグより上に表示）みたいな境界は\n　Zオーダーがいくら大きくても越えられないから気をつけて！
 |■文章:「Zオーダーで越えられないピクチャの境界は\n　ピクチャ番号【-40万】【-30万】【-20万】\n　【-10万】【0】【10万】のところにあるから、\n　ピクチャ番号を決めるときは注意だよ！
 |■
-◇キャンセルの場合
 |■
◇分岐終了◇
■
[COMMAND_TEXT_END]
-----
EVENT_ID=21
EVENT_NAME=自動移動ゴブリン
EVENT_X=32
EVENT_Y=17
EVENT_PAGE=1
OPTION_DATA_NUM=0
EVENT_PAGE_NUM=1
EVENT_PAGE=0
EVENT_TILE_ID=-1
GRAPHIC_FILENAME=CharaChip/Monster_Goblin2_tapis.png
EVENT_DIRECTION=3
EVENT_PATTERN=1
EVENT_OPACITY=255
EVENT_BLENDTYPE=0
EVENT_TRIGGER_TYPE=0
EVENT_CONDITION_0_USE=32
EVENT_CONDITION_TARGET_0=1000000
EVENT_CONDITION_VALUE_0=0
EVENT_CONDITION_1_USE=32
EVENT_CONDITION_TARGET_1=1000000
EVENT_CONDITION_VALUE_1=0
EVENT_CONDITION_2_USE=32
EVENT_CONDITION_TARGET_2=1000000
EVENT_CONDITION_VALUE_2=0
EVENT_CONDITION_3_USE=32
EVENT_CONDITION_TARGET_3=1000000
EVENT_CONDITION_VALUE_3=0
ANIME_SPEED=1
MOVE_SPEED=3
MOVE_FREQUENCY=0
MOVE_TYPE=1
CHARA_OPTION_FLAG=35
ROUTE_OPTION_FLAG=1
ROUTE_COMMAND_NUM=5
[ROUTE_COMMAND_0]5
ROUTE_COMMAND_CODE=9
VAL_NUM=0
STR=
[ROUTE_COMMAND_1]5
ROUTE_COMMAND_CODE=47
VAL_NUM=1
VAL_0=30
STR=
[ROUTE_COMMAND_2]5
ROUTE_COMMAND_CODE=60
VAL_NUM=2
VAL_0=30
VAL_1=24
STR=
[ROUTE_COMMAND_3]5
ROUTE_COMMAND_CODE=47
VAL_NUM=1
VAL_0=30
STR=
[ROUTE_COMMAND_4]5
ROUTE_COMMAND_CODE=60
VAL_NUM=2
VAL_0=32
VAL_1=17
STR=
OPTION_VAL_NUM=3
OPTION_VAL_0=0
OPTION_VAL_1=0
OPTION_VAL_2=0
COMMAND_NUM=4
--
WoditorEvCOMMAND_START
[101][0,1]<0>()("「ゴブ！　オレっちは『\c[3]自動移動[スマート]\c[0]』で<\n> \c[3]『リンゴの前』と『タルの前』をゴール地点にして<\n>　移動してる\c[0]から、オマエに通行の邪魔されても<\n>　ちゃんとよけて移動できるゴブ！")
[101][0,1]<0>()("「でも『1×1マス分の隙間』が空いてないと<\n>　自動移動できないから、\c[2]カウンターの前の<\n>　ハンパなところ\c[0]には立たないで欲しいゴブ！")
[101][0,1]<0>()("「せまい道だと、<\n>　意外と自動移動できないこともあるから、<\n>　『自動移動』を使うときは気をつけるゴブよ！")
[0][0,0]<0>()()
WoditorEvCOMMAND_END
--
[COMMAND_TEXT_START]
■文章:「ゴブ！　オレっちは『\c[3]自動移動[スマート]\c[0]』で\n \c[3]『リンゴの前』と『タルの前』をゴール地点にして\n　移動してる\c[0]から、オマエに通行の邪魔されても\n　ちゃんとよけて移動できるゴブ！
■文章:「でも『1×1マス分の隙間』が空いてないと\n　自動移動できないから、\c[2]カウンターの前の\n　ハンパなところ\c[0]には立たないで欲しいゴブ！
■文章:「せまい道だと、\n　意外と自動移動できないこともあるから、\n　『自動移動』を使うときは気をつけるゴブよ！
■
[COMMAND_TEXT_END]
-----
EVENT_ID=22
EVENT_NAME=サウンドのパン紹介オウム
EVENT_X=23
EVENT_Y=18
EVENT_PAGE=1
OPTION_DATA_NUM=0
EVENT_PAGE_NUM=1
EVENT_PAGE=0
EVENT_TILE_ID=-1
GRAPHIC_FILENAME=CharaChip/Animal_Parrot_tapis.png
EVENT_DIRECTION=2
EVENT_PATTERN=1
EVENT_OPACITY=255
EVENT_BLENDTYPE=0
EVENT_TRIGGER_TYPE=0
EVENT_CONDITION_0_USE=32
EVENT_CONDITION_TARGET_0=1000000
EVENT_CONDITION_VALUE_0=0
EVENT_CONDITION_1_USE=32
EVENT_CONDITION_TARGET_1=1000000
EVENT_CONDITION_VALUE_1=0
EVENT_CONDITION_2_USE=32
EVENT_CONDITION_TARGET_2=1000000
EVENT_CONDITION_VALUE_2=0
EVENT_CONDITION_3_USE=32
EVENT_CONDITION_TARGET_3=1000000
EVENT_CONDITION_VALUE_3=0
ANIME_SPEED=3
MOVE_SPEED=3
MOVE_FREQUENCY=3
MOVE_TYPE=0
CHARA_OPTION_FLAG=39
ROUTE_OPTION_FLAG=2
ROUTE_COMMAND_NUM=0
OPTION_VAL_NUM=3
OPTION_VAL_0=0
OPTION_VAL_1=0
OPTION_VAL_2=0
COMMAND_NUM=50
--
WoditorEvCOMMAND_START
[101][0,1]<0>()("「やあ！　サウンドのパン機能を<\n>　体験してみたくない！？")
[102][1,1]<0>(1)("サウンドのパン機能を試す")
[401][1,0]<0>(2)()
[101][0,1]<1>()("「じゃあ行くよ！<\n>　音のみなもとが左右に移動してるように<\n>　聞こえるから、耳をすましてね！")
[121][4,0]<1>(1100000,-255,0,0)()
[179][1,0]<1>(18)()
[121][4,0]<2>(1100000,30,0,256)()
[140][8,0]<2>(32,0,0,0,0,0,0,1100000)()
[121][4,0]<2>(1100001,1100000,255,0)()
[121][4,0]<2>(1100001,6,10,13058)()
[150][11,1]<2>(4128,12,0,1,1,1,255,1100001,110,100,0)("<C>音の場所<\n>●")
[180][1,0]<2>(5)()
[0][0,0]<2>()()
[498][0,0]<1>()()
[179][1,0]<1>(18)()
[121][4,0]<2>(1100000,30,0,512)()
[140][8,0]<2>(32,0,0,0,0,0,0,1100000)()
[121][4,0]<2>(1100001,1100000,255,0)()
[121][4,0]<2>(1100001,6,10,13058)()
[150][11,1]<2>(4128,12,0,1,1,1,255,1100001,110,100,0)("<C>音の場所<\n>●")
[180][1,0]<2>(5)()
[0][0,0]<2>()()
[498][0,0]<1>()()
[179][1,0]<1>(18)()
[121][4,0]<2>(1100000,30,0,256)()
[140][8,0]<2>(32,0,0,0,0,0,0,1100000)()
[121][4,0]<2>(1100001,1100000,255,0)()
[121][4,0]<2>(1100001,6,10,13058)()
[150][11,1]<2>(4128,12,0,1,1,1,255,1100001,110,100,0)("<C>音の場所<\n>●")
[180][1,0]<2>(5)()
[0][0,0]<2>()()
[498][0,0]<1>()()
[179][1,0]<1>(18)()
[121][4,0]<2>(1100000,30,0,512)()
[140][8,0]<2>(32,0,0,0,0,0,0,1100000)()
[121][4,0]<2>(1100001,1100000,255,0)()
[121][4,0]<2>(1100001,6,10,13058)()
[150][11,1]<2>(4128,12,0,1,1,1,255,1100001,110,100,0)("<C>音の場所<\n>●")
[180][1,0]<2>(5)()
[0][0,0]<2>()()
[498][0,0]<1>()()
[180][1,0]<1>(25)()
[150][3,0]<1>(4130,12,0)()
[101][0,1]<1>()("「これが左右の音量の変化を変えられる、<\n>　サウンドのパン機能だよ！<\n>　分かったかな？")
[0][0,0]<1>()()
[421][1,0]<0>(0)()
[172][0,0]<1>()()
[0][0,0]<1>()()
[499][0,0]<0>()()
[0][0,0]<0>()()
WoditorEvCOMMAND_END
--
[COMMAND_TEXT_START]
■文章:「やあ！　サウンドのパン機能を\n　体験してみたくない！？
■文章選択肢:/ 【1】サウンドのパン機能を試す 
-◇選択肢：【1】 サウンドのパン機能を試す                             の場合↓
 |■文章:「じゃあ行くよ！\n　音のみなもとが左右に移動してるように\n　聞こえるから、耳をすましてね！
 |■変数操作: このEvのSelf0 = -255 + 0 
 |■回数付きループ [ 18 ]回
 | |■変数操作: このEvのSelf0 += 30 + 0 
 | |■サウンド：SE0「[ｼｽﾃﾑ/選択肢]決定音」(0 ﾁｬﾝﾈﾙ) 再生 / 遅延：0ﾌﾚｰﾑ / パン:このEvのSelf0
 | |■変数操作: このEvのSelf1 = このEvのSelf0 + 255 
 | |■変数操作: [実] このEvのSelf1 *= 6 / 10 
 | |■ﾋﾟｸﾁｬ表示：12 [中心]文字列[<C>音の場所\n●] X:このEvのSelf1 Y:110 / 0(0)ﾌﾚｰﾑ  / ﾊﾟﾀｰﾝ 1 / 透 255 / 通常  / 角 0 / 拡 100％ / ｶﾗｰ R[100] G[100] B[100]
 | |■ウェイト：5 フレーム
 | |■
 |◇ループここまで◇◇
 |■回数付きループ [ 18 ]回
 | |■変数操作: このEvのSelf0 -= 30 + 0 
 | |■サウンド：SE0「[ｼｽﾃﾑ/選択肢]決定音」(0 ﾁｬﾝﾈﾙ) 再生 / 遅延：0ﾌﾚｰﾑ / パン:このEvのSelf0
 | |■変数操作: このEvのSelf1 = このEvのSelf0 + 255 
 | |■変数操作: [実] このEvのSelf1 *= 6 / 10 
 | |■ﾋﾟｸﾁｬ表示：12 [中心]文字列[<C>音の場所\n●] X:このEvのSelf1 Y:110 / 0(0)ﾌﾚｰﾑ  / ﾊﾟﾀｰﾝ 1 / 透 255 / 通常  / 角 0 / 拡 100％ / ｶﾗｰ R[100] G[100] B[100]
 | |■ウェイト：5 フレーム
 | |■
 |◇ループここまで◇◇
 |■回数付きループ [ 18 ]回
 | |■変数操作: このEvのSelf0 += 30 + 0 
 | |■サウンド：SE0「[ｼｽﾃﾑ/選択肢]決定音」(0 ﾁｬﾝﾈﾙ) 再生 / 遅延：0ﾌﾚｰﾑ / パン:このEvのSelf0
 | |■変数操作: このEvのSelf1 = このEvのSelf0 + 255 
 | |■変数操作: [実] このEvのSelf1 *= 6 / 10 
 | |■ﾋﾟｸﾁｬ表示：12 [中心]文字列[<C>音の場所\n●] X:このEvのSelf1 Y:110 / 0(0)ﾌﾚｰﾑ  / ﾊﾟﾀｰﾝ 1 / 透 255 / 通常  / 角 0 / 拡 100％ / ｶﾗｰ R[100] G[100] B[100]
 | |■ウェイト：5 フレーム
 | |■
 |◇ループここまで◇◇
 |■回数付きループ [ 18 ]回
 | |■変数操作: このEvのSelf0 -= 30 + 0 
 | |■サウンド：SE0「[ｼｽﾃﾑ/選択肢]決定音」(0 ﾁｬﾝﾈﾙ) 再生 / 遅延：0ﾌﾚｰﾑ / パン:このEvのSelf0
 | |■変数操作: このEvのSelf1 = このEvのSelf0 + 255 
 | |■変数操作: [実] このEvのSelf1 *= 6 / 10 
 | |■ﾋﾟｸﾁｬ表示：12 [中心]文字列[<C>音の場所\n●] X:このEvのSelf1 Y:110 / 0(0)ﾌﾚｰﾑ  / ﾊﾟﾀｰﾝ 1 / 透 255 / 通常  / 角 0 / 拡 100％ / ｶﾗｰ R[100] G[100] B[100]
 | |■ウェイト：5 フレーム
 | |■
 |◇ループここまで◇◇
 |■ウェイト：25 フレーム
 |■ﾋﾟｸﾁｬ消去：12  / 0(0)ﾌﾚｰﾑ
 |■文章:「これが左右の音量の変化を変えられる、\n　サウンドのパン機能だよ！\n　分かったかな？
 |■
-◇キャンセルの場合
 |■イベント処理中断
 |■
◇分岐終了◇
■
[COMMAND_TEXT_END]
-----
EVENT_ID=23
EVENT_NAME=合成音声魔法使い
EVENT_X=23
EVENT_Y=25
EVENT_PAGE=1
OPTION_DATA_NUM=0
EVENT_PAGE_NUM=1
EVENT_PAGE=0
EVENT_TILE_ID=-1
GRAPHIC_FILENAME=CharaChip/Chara_Witch1_USM.png
EVENT_DIRECTION=3
EVENT_PATTERN=1
EVENT_OPACITY=255
EVENT_BLENDTYPE=0
EVENT_TRIGGER_TYPE=0
EVENT_CONDITION_0_USE=32
EVENT_CONDITION_TARGET_0=1000000
EVENT_CONDITION_VALUE_0=0
EVENT_CONDITION_1_USE=32
EVENT_CONDITION_TARGET_1=1000000
EVENT_CONDITION_VALUE_1=0
EVENT_CONDITION_2_USE=32
EVENT_CONDITION_TARGET_2=1000000
EVENT_CONDITION_VALUE_2=0
EVENT_CONDITION_3_USE=32
EVENT_CONDITION_TARGET_3=1000000
EVENT_CONDITION_VALUE_3=0
ANIME_SPEED=3
MOVE_SPEED=3
MOVE_FREQUENCY=3
MOVE_TYPE=0
CHARA_OPTION_FLAG=35
ROUTE_OPTION_FLAG=2
ROUTE_COMMAND_NUM=0
OPTION_VAL_NUM=3
OPTION_VAL_0=0
OPTION_VAL_1=0
OPTION_VAL_2=0
COMMAND_NUM=16
--
WoditorEvCOMMAND_START
[101][0,1]<0>()("「私は魔法使い。<\n>　Ver3.6から搭載された合成音声を聞いてみない？")
[102][1,2]<0>(2)("日本語の音声を聞きたい","英語の音声を聞きたい")
[401][1,0]<0>(2)()
[122][3,1]<1>(3000000,262656,0)("<<MS_VOICE_PLAY/SPEED=1/VOL=100/VOICE=Microsoft Haruka Desktop - Japanese>>こんにちは！　日本語でしゃべりまーす")
[101][0,1]<1>()("「こんにちは！<\n>　日本語でしゃべりまーす。")
[101][0,1]<1>()("「どう？<\n>　Windowsに入ってない場合は<\n>　音が出ないこともあるから、<\n>　鳴ってなかったらごめんなさいね。")
[0][0,0]<1>()()
[401][1,0]<0>(3)()
[122][3,1]<1>(3000000,262656,0)("<<MS_VOICE_PLAY/SPEED=1/VOL=100/VOICE=Microsoft Zira Desktop - English (United States)>>Hi there! I'm a witch who speaks English!")
[101][0,1]<1>()("「Hi there! （こんにちは！）<\n>　I'm a witch who speaks English!<\n>（私は英語をしゃべる魔法使いです！）")
[101][0,1]<1>()("「どう？<\n>　Windowsに入ってない場合は<\n>　音が出ないこともあるから、<\n>　鳴ってなかったらごめんなさいね。")
[0][0,0]<1>()()
[421][1,0]<0>(0)()
[0][0,0]<1>()()
[499][0,0]<0>()()
[0][0,0]<0>()()
WoditorEvCOMMAND_END
--
[COMMAND_TEXT_START]
■文章:「私は魔法使い。\n　Ver3.6から搭載された合成音声を聞いてみない？
■文章選択肢:/ 【1】日本語の音声を聞きたい / 【2】英語の音声を聞きたい 
-◇選択肢：【1】 日本語の音声を聞きたい                              の場合↓
 |■文字列操作：S0[[サンプル]一時文字列] =<隠しコード実行>"<<MS_VOICE_PLAY/SPEED=1/VOL=100/VOICE=Microsoft Haruka Desktop - Japanese>>こんにちは！　日本語でしゃべりまーす"
 |■文章:「こんにちは！\n　日本語でしゃべりまーす。
 |■文章:「どう？\n　Windowsに入ってない場合は\n　音が出ないこともあるから、\n　鳴ってなかったらごめんなさいね。
 |■
-◇選択肢：【2】 英語の音声を聞きたい                               の場合↓
 |■文字列操作：S0[[サンプル]一時文字列] =<隠しコード実行>"<<MS_VOICE_PLAY/SPEED=1/VOL=100/VOICE=Microsoft Zira Desktop - English (United States)>>Hi there! I'..."
 |■文章:「Hi there! （こんにちは！）\n　I'm a witch who speaks English!\n（私は英語をしゃべる魔法使いです！）
 |■文章:「どう？\n　Windowsに入ってない場合は\n　音が出ないこともあるから、\n　鳴ってなかったらごめんなさいね。
 |■
-◇キャンセルの場合
 |■
◇分岐終了◇
■
[COMMAND_TEXT_END]
